-- --------------------------------------------------------
-- Host:                         127.0.0.1
-- Versión del servidor:         10.6.5-MariaDB - mariadb.org binary distribution
-- SO del servidor:              Win64
-- HeidiSQL Versión:             11.3.0.6295
-- --------------------------------------------------------

/*!40101 SET @OLD_CHARACTER_SET_CLIENT=@@CHARACTER_SET_CLIENT */;
/*!40101 SET NAMES utf8 */;
/*!50503 SET NAMES utf8mb4 */;
/*!40014 SET @OLD_FOREIGN_KEY_CHECKS=@@FOREIGN_KEY_CHECKS, FOREIGN_KEY_CHECKS=0 */;
/*!40101 SET @OLD_SQL_MODE=@@SQL_MODE, SQL_MODE='NO_AUTO_VALUE_ON_ZERO' */;
/*!40111 SET @OLD_SQL_NOTES=@@SQL_NOTES, SQL_NOTES=0 */;


-- Volcando estructura de base de datos para hospitalidad
CREATE DATABASE IF NOT EXISTS `hospitalidad` /*!40100 DEFAULT CHARACTER SET utf8mb3 */;
USE `hospitalidad`;

-- Volcando estructura para tabla hospitalidad.autobuses
CREATE TABLE IF NOT EXISTS `autobuses` (
  `idAutobus` int(11) NOT NULL AUTO_INCREMENT,
  `Descripcion` varchar(50) DEFAULT NULL,
  `PlazasNoEnfermos` int(11) NOT NULL COMMENT 'Plazas que irán destinadas a personas no enfermas',
  `PlazasEnfermos` int(11) DEFAULT NULL COMMENT 'Plazas que queremos asignar como máximo para enfermos. Estas plazas solo se podrán ocupar con enfermos y las que queden libres hasta completar las plazas totales serán las que se llenarán con hospitalarios.',
  `Observaciones` varchar(250) DEFAULT NULL,
  `idViaje` int(11) DEFAULT NULL,
  PRIMARY KEY (`idAutobus`),
  KEY `FK1 id Viaje` (`idViaje`),
  CONSTRAINT `FK1 id Viaje` FOREIGN KEY (`idViaje`) REFERENCES `viajes` (`idViaje`)
) ENGINE=InnoDB AUTO_INCREMENT=24 DEFAULT CHARSET=utf8mb3 COMMENT='Se darán de alta los autobuses. Cada Viaje tendrá sus propios autobuses, se deberán crear nuevo enla aplicación cada año';

-- Volcando datos para la tabla hospitalidad.autobuses: ~11 rows (aproximadamente)
/*!40000 ALTER TABLE `autobuses` DISABLE KEYS */;
INSERT INTO `autobuses` (`idAutobus`, `Descripcion`, `PlazasNoEnfermos`, `PlazasEnfermos`, `Observaciones`, `idViaje`) VALUES
	(13, 'Nº 1', 27, 10, 'VPT', 1),
	(14, 'Nº 2', 1, 9, 'Ninguna', 1),
	(15, 'Nº 3', 30, 5, 'Vitorino Alvarez 6723KTY', 1),
	(16, 'Nº 5', 55, 0, 'VTP con matricula 5062-LKJ', 1),
	(17, 'Nº 4', 55, 20, 'Romero Alvarez', 1),
	(18, 'Nº 6', 55, 0, 'Ninguna', 1),
	(19, 'Prueba', 3, 4, 'Prueba', 3),
	(20, 'Prueba 2', 40, 5, 'Prueba 2', 3),
	(21, 'Nº 7', 10, 100, 'Romero', 1),
	(22, 'Nº 9', 0, 55, 'SAMAR', 3),
	(23, 'Nº 8', 0, 55, 'SAMAR 8', 1);
/*!40000 ALTER TABLE `autobuses` ENABLE KEYS */;

-- Volcando estructura para tabla hospitalidad.habitaciones
CREATE TABLE IF NOT EXISTS `habitaciones` (
  `idHabitacion` int(11) NOT NULL AUTO_INCREMENT,
  `Camas` int(11) NOT NULL,
  `Descripcion1` varchar(250) DEFAULT NULL,
  `Descripcion2` varchar(250) DEFAULT NULL,
  `Observaciones` varchar(250) DEFAULT NULL,
  `idViaje` int(11) NOT NULL,
  `idHotel` int(11) NOT NULL,
  PRIMARY KEY (`idHabitacion`),
  KEY `FK1 viaje` (`idViaje`),
  KEY `FK2 hotel` (`idHotel`),
  CONSTRAINT `FK1 viaje` FOREIGN KEY (`idViaje`) REFERENCES `viajes` (`idViaje`) ON DELETE NO ACTION ON UPDATE NO ACTION,
  CONSTRAINT `FK2 hotel` FOREIGN KEY (`idHotel`) REFERENCES `hoteles` (`IdHotel`) ON DELETE NO ACTION ON UPDATE NO ACTION
) ENGINE=InnoDB AUTO_INCREMENT=21 DEFAULT CHARSET=utf8mb3 COMMENT='Aquí se añadiran todas las habitaciones sin importar hotel u hospital en el que se encuentre. Al final cada habitación solo será de una peregrinación y dará igual en qué hotel esté.';

-- Volcando datos para la tabla hospitalidad.habitaciones: ~18 rows (aproximadamente)
/*!40000 ALTER TABLE `habitaciones` DISABLE KEYS */;
INSERT INTO `habitaciones` (`idHabitacion`, `Camas`, `Descripcion1`, `Descripcion2`, `Observaciones`, `idViaje`, `idHotel`) VALUES
	(2, 2, '105', '', '', 1, 8),
	(3, 3, '106', 'Habitacion para peregrinos', 'Otraaaaaaaaaaa', 1, 8),
	(4, 4, '103', '', 'Ya esta', 1, 8),
	(5, 3, '104', '', 'prueba', 1, 8),
	(6, 3, '107', 'Sin otra descripcion que nos ayude', 'Nada de nadaa', 1, 8),
	(7, 3, '209', '', '', 1, 2),
	(8, 5, '210', '', '', 1, 2),
	(9, 3, '211', '', '', 1, 2),
	(10, 5, '212', '', '', 1, 2),
	(12, 300, '400', 'Prueba3', '', 1, 3),
	(13, 200, '401', '', '', 1, 3),
	(14, 3, '224', '', '', 3, 1),
	(15, 60, '502', '', '', 1, 1),
	(16, 1, '301', '', '', 1, 1),
	(17, 3, '205', '', '', 1, 17),
	(18, 3, '203', '', '', 1, 1),
	(19, 3, '206', '', '', 1, 17),
	(20, 3, '201', '', '', 1, 16);
/*!40000 ALTER TABLE `habitaciones` ENABLE KEYS */;

-- Volcando estructura para tabla hospitalidad.hoteles
CREATE TABLE IF NOT EXISTS `hoteles` (
  `IdHotel` int(11) NOT NULL AUTO_INCREMENT,
  `NombreHotel` varchar(50) NOT NULL,
  `Direccion` varchar(50) DEFAULT NULL,
  `Telefono` varchar(13) DEFAULT NULL,
  `Correo` varchar(60) DEFAULT NULL,
  PRIMARY KEY (`IdHotel`)
) ENGINE=InnoDB AUTO_INCREMENT=22 DEFAULT CHARSET=utf8mb3;

-- Volcando datos para la tabla hospitalidad.hoteles: ~0 rows (aproximadamente)
/*!40000 ALTER TABLE `hoteles` DISABLE KEYS */;
INSERT INTO `hoteles` (`IdHotel`, `NombreHotel`, `Direccion`, `Telefono`, `Correo`) VALUES
	(1, 'SANTA ROSA', 'Lourdes 1', '925111122', 'correo1'),
	(2, 'RESID-HOSPITALET', 'Lourdes 2', '923670988', 'correo2'),
	(3, 'HOSPITAL', 'Lourdes 3', '925667310', 'correo 3'),
	(4, 'ALBION', '6 Bis Rue Reine Astrid, 65100', '562941292', 'hotel.albion@wanadoo.fr'),
	(5, 'ALLIANCE', '9 Rue Louis Pomes, 65100 Lourdes', '562949245', 'angelic-hotel-lourdes@wanadoo.fr'),
	(6, 'ANGELIC', '2 Rue du Calvaire, 65100 Lourdes', '562942305', 'angelic-hote.lourdes@wanadoo.fr'),
	(7, 'BASILIQUE', '32 Avda. Bernardette Soubirous, 65100 Lourdes', '562946533', 'basilique.hote@wanadoo.fr'),
	(8, 'ELISEO', '4 Rue Reine Astrid, 65100 Lourdes', '562414141', 'contact@hoteleliseolourdes.fr'),
	(9, 'LYS DE MARIE', '18 Avda. Peyramale, 65100 Lourdes', '562942043', 'info@lyshotel.fr'),
	(10, 'MODERNE', '21 Av. Bernardette Soubirous, 65100 Lourdes', '562941232', 'booking@grandhotelmoderne.com'),
	(11, 'PADOU', '1 Rue Reine Astrid, 65100 Lourdes', '562530700', 'reservation@hotelpadou.fr'),
	(12, 'ROISSY', '16 Av. Mgr Schoepfer, 65100 Lourdes', '562941304', 'info@lourdes-roissy.com'),
	(13, 'SANTA SUSANNE', '24 Av. Peyramale, 65100 Lourdes', '562946740', 'hotel.stesuzanne@wanadoo.fr'),
	(14, 'AVE MARIA', '7, Avenue du Paradis', '562942488', 'avemaria@lourdes-france.com'),
	(15, 'NATIONAL', '1, Rue Saint Felix', '666666666', 'ret@mm.es'),
	(16, 'ARIANE', '4, Rue Saint-Felix', '666666667', 'ddd@ddd.es'),
	(17, 'CROIX DE BRETONS', '7, Rue Marie Saint Frai', '777777778', 'dfr@f.es'),
	(18, 'SAINT SAUVEUR', '9, Rue Sainte Marie', '654236542', 'sauveur@france.com'),
	(19, 'SAN LUIS', '5, Avenue du Paradis', '562942891', 'reservation.stlouis@orange.fr'),
	(20, 'CHAPELLE ET PARC', '5, RUE NI SE SABE', '656879654', 'chapelle@france.com'),
	(21, 'INFIRMORUM', ' ', '33062789', ' ');
/*!40000 ALTER TABLE `hoteles` ENABLE KEYS */;

-- Volcando estructura para tabla hospitalidad.informespdf
CREATE TABLE IF NOT EXISTS `informespdf` (
  `idInformePDF` int(11) NOT NULL AUTO_INCREMENT,
  `idPersona` int(11) NOT NULL DEFAULT 0,
  `Observaciones` varchar(50) DEFAULT NULL,
  `fechaAlta` date NOT NULL,
  `fichero` longblob NOT NULL DEFAULT '',
  `extension` varchar(5) DEFAULT NULL,
  PRIMARY KEY (`idInformePDF`),
  KEY `FK_informespdf_personas` (`idPersona`),
  CONSTRAINT `FK_informespdf_personas` FOREIGN KEY (`idPersona`) REFERENCES `personas` (`idPersona`)
) ENGINE=InnoDB DEFAULT CHARSET=utf8mb3;

-- Volcando datos para la tabla hospitalidad.informespdf: ~0 rows (aproximadamente)
/*!40000 ALTER TABLE `informespdf` DISABLE KEYS */;
/*!40000 ALTER TABLE `informespdf` ENABLE KEYS */;

-- Volcando estructura para tabla hospitalidad.personas
CREATE TABLE IF NOT EXISTS `personas` (
  `idPersona` int(11) NOT NULL AUTO_INCREMENT,
  `DNI` char(10) DEFAULT NULL,
  `Nombre` varchar(50) NOT NULL,
  `Apellidos` varchar(70) NOT NULL,
  `FechaNacimiento` date DEFAULT NULL,
  `Correo` varchar(70) DEFAULT NULL,
  `Telefono1` char(11) DEFAULT NULL,
  `Telefono2` char(11) DEFAULT NULL,
  `Direccion` varchar(50) DEFAULT NULL,
  `CP` char(5) DEFAULT NULL,
  `Localidad` varchar(50) DEFAULT NULL,
  `Provincia` varchar(50) DEFAULT NULL,
  `Observaciones` varchar(200) DEFAULT NULL,
  `Activo` binary(5) DEFAULT 'true\0',
  `InformeMedico` text DEFAULT NULL,
  `ActualTipoViajero` int(11) NOT NULL DEFAULT 0 COMMENT 'Guardamos aquí el equipo al que pertenece actualmente la persona',
  `ViajesAnteriosA2022` int(11) NOT NULL DEFAULT 0 COMMENT 'Sirve para apuntar el número de viajes anteriores a 2022. Desde 2022 ya se cuenta de otra manera',
  PRIMARY KEY (`idPersona`)
) ENGINE=InnoDB AUTO_INCREMENT=4277 DEFAULT CHARSET=utf8mb3 COMMENT='Aquí daremos de alta los datos de todas las personas que se realcionen con el viaje o que haya que controlar de alguna manera, ya sean hospitalarios, pacientes, conductores (si es que hiciera falta), ...';

-- Volcando datos para la tabla hospitalidad.personas: ~683 rows (aproximadamente)
/*!40000 ALTER TABLE `personas` DISABLE KEYS */;
INSERT INTO `personas` (`idPersona`, `DNI`, `Nombre`, `Apellidos`, `FechaNacimiento`, `Correo`, `Telefono1`, `Telefono2`, `Direccion`, `CP`, `Localidad`, `Provincia`, `Observaciones`, `Activo`, `InformeMedico`, `ActualTipoViajero`, `ViajesAnteriosA2022`) VALUES
	(3594, NULL, 'Jesús', 'Jiménez Alonso', '1963-05-02', '', '925554686', '610708906', 'C/ Cuesta del Alcázar, 15', '45290', 'Pantoja', '', '', _binary 0x7472756500, NULL, 0, 30),
	(3595, NULL, 'Jesús', 'López Gracia', '1952-12-21', '', '914303298', '639424982', 'C/ Camino de Vinateros, 142', '28030', 'Madrid', '', '', _binary 0x7472756500, NULL, 0, 23),
	(3596, NULL, 'Alfonso', 'Mantero Galán', '1959-07-24', '', '925506257', '678558577', 'C/ Soberanía Nacional, 6', '45250', 'Añover de Tajo', '', '', _binary 0x7472756500, NULL, 0, 17),
	(3597, NULL, 'Hector', 'Pérez Gómez', '1981-06-06', '', '661537414', '-1', 'C/ Palomar, 2', '45500', 'Torrijos', '', '', _binary 0x7472756500, NULL, 0, 3),
	(3598, NULL, 'Ángel', 'Marco Rivera', '1964-03-02', '', '925178161', '649357755', 'C/ Obispo Mercadillo, 21', '45840', 'La Puebla de Almoradiel', '', '', _binary 0x7472756500, NULL, 0, 14),
	(3599, NULL, 'Jesús', 'Robles de Castro', '1964-02-15', '', '925356181', '605966951', 'c/ Sancho Dávila, 4', '45591', 'Yunclillos', '', '', _binary 0x7472756500, NULL, 0, 21),
	(3600, NULL, 'Ricardo', 'Vargas García-Tenorio', '1972-06-06', '', '667985633', '-1', 'C/ Úbedas, 5', '45600', 'Talavera de la Reina', '', '', _binary 0x7472756500, NULL, 0, 3),
	(3601, NULL, 'Juan Antonio', 'Muñoz Revenga', '1949-06-12', '', '925804992', '664662978', 'C/ Hermanos Maristas Bugobe, 4', '45600', 'Talavera de la Reina', '', '', _binary 0x7472756500, NULL, 0, 7),
	(3602, NULL, 'Fernando', 'Rivero Fernández', '1987-07-24', 'frivero@gmail.com', '618812065', '-1', 'Pl. Comuneros, 7 - 1º B', '45400', 'Mora', '', '', _binary 0x7472756500, NULL, 0, 10),
	(3603, NULL, 'Pedro', 'López Ónega', '1945-06-25', '', '925804854', '606571690', 'Avda. Juan Carlos I, 2-5º-D', '45600', 'Talavera de la Reina', '', '', _binary 0x7472756500, NULL, 0, 26),
	(3604, NULL, 'María del Pilar', 'Sánchez de las Heras', '1941-08-22', '', '925216121', '925229322', 'Rd Buenavista, 24, Bl.6 - 3º B', '45005', 'Toledo', '', '', _binary 0x7472756500, NULL, 0, 42),
	(3605, NULL, 'Petra', 'Pontes Molinero', '1955-03-22', '', '925818773', '-1', 'C/ Paralela, 25', '45600', 'Talavera de la Reina', '', '', _binary 0x7472756500, NULL, 0, 11),
	(3606, NULL, 'María Dolores', 'Sanchez de Rivera Colino', '1970-06-02', '', '606638992', '-1', 'C/Concilio Toledo, 2 P. 3-4ª B', '45005', 'Toledo', '', '', _binary 0x7472756500, NULL, 0, 7),
	(3607, NULL, 'María Gabriela', 'Domínguez Cerrillo', '1955-05-31', '', '689222217', '-1', 'Avda Príncipe, 14 - 1º D', '45600', 'Talavera de la Reina', '', '', _binary 0x7472756500, NULL, 4, 12),
	(3608, NULL, 'María Isabel', 'Corrionero Fradejas', '1967-09-02', '', '625046943', '-1', 'C/ Puerto, 12', '45006', 'Toledo', '', 'Verificar teléfono', _binary 0x7472756500, NULL, 0, 3),
	(3609, NULL, 'Sabina', 'Padilla Alonso-Rodríguez', '1945-05-21', '', '925822981', '925804914', 'C/ San Isidro, 10 - 5º D', '45600', 'Talavera de la Reina', '', '1 de Peregrina.', _binary 0x7472756500, NULL, 0, 19),
	(3610, NULL, 'María Rosa', 'Pérez Vidal', '1945-05-20', '', '925154004', '-1', 'C/ Ancha, 21', '45313', 'Yepes', '', '', _binary 0x7472756500, NULL, 0, 18),
	(3611, NULL, 'María Dolores', 'Risco Murillo', '1939-09-19', '', '925291374', '696699174', 'C/ Corpus Christi, 12 - 1º C', '45005', 'Toledo', '', '', _binary 0x7472756500, NULL, 0, 25),
	(3612, NULL, 'María Santos', 'Ortiz Barquillo', '1961-07-18', '', '925820850', '690757409', 'Avda. Pablo Picaso, 19', '45600', 'Talavera de la Reina', '', '1 año de Peregrina', _binary 0x7472756500, NULL, 0, 8),
	(3613, NULL, 'Rosalía', 'Torrijos Verdugo', '1964-09-22', '', '925143329', '615589832', 'C/ Loriente, 8', '45370', 'Santa Cruz de la Zarza', '', '', _binary 0x7472756500, NULL, 0, 26),
	(3614, NULL, 'Rubén', 'Plaza Cid', '1984-01-16', '', '615088861', '-1', 'C/ Conde Lucanor, 11', '45910', 'Escalona', '', '', _binary 0x7472756500, NULL, 0, 10),
	(3615, NULL, 'Francisco José', 'Nieto Martín', '1962-02-15', 'fj.nieto@telefonica.net', '925228242', '639451553', 'Rda Buenavista, 35 - P.1-4º B', '45005', 'Toledo', '', '', _binary 0x7472756500, NULL, 1, 34),
	(3616, NULL, 'Francisco', 'Alonso del Cojo', '1944-08-13', '', '925216873', '653581390', 'C/ Madre Vedruna, 16 - 4º A', '45006', 'Toledo', '', '', _binary 0x7472756500, NULL, 5, 20),
	(3617, NULL, 'Enrique', 'Lozano Martín', '1974-04-21', '', '925275310', '617426840', 'Rda. Cornisa, 34', '45260', 'Villaseca de la Sagra', '', '', _binary 0x7472756500, NULL, 0, 8),
	(3618, NULL, 'Eloy', 'Ramos Calderón', '1938-12-08', '', '925215591', '-1', 'C/ San Miguel, 11', '45001', 'Toledo', '', '', _binary 0x7472756500, NULL, 0, 21),
	(3619, NULL, 'Juan Antonio', 'López González', '1975-08-30', '', '918171018', '670515947', 'C/ Alcarías, 37', '45940', 'Valmojado', '', '', _binary 0x7472756500, NULL, 0, 7),
	(3620, NULL, 'José', 'Jiménez Rosado', '1945-03-31', '', '916968568', '686773574', 'C/ Jiménez Díaz, 1 - 4ª-2', '28903', 'Getafe', '', '', _binary 0x7472756500, NULL, 5, 28),
	(3621, NULL, 'Julián', 'García-Alcalá Zamorano', '1960-06-30', '', '925131032', '607778470', 'C/ Puerta de Murcia, 11, Ptal.4 Izq', '45300', 'Ocaña', '', '', _binary 0x7472756500, NULL, 1, 17),
	(3622, NULL, 'Juan José', 'Hormigos Hidalgo', '1951-03-28', '', '645911553', '-1', 'C/ El Indiano, 23', '45533', 'Carpio de Tajo', '', '', _binary 0x7472756500, NULL, 0, 26),
	(3623, NULL, 'José Antonio', 'López Arroyo', '1952-01-16', '', '918170550', '629837165', 'C/ Lepanto, 8', '45950', 'Casarrubios del Monte', '', '', _binary 0x7472756500, NULL, 0, 15),
	(3624, NULL, 'Jesús', 'Del Cerro Ramos', '1954-08-18', '', '925512392', '670563992', 'C/ Buen Pastor, 14', '45200', 'Illescas', '', '', _binary 0x7472756500, NULL, 0, 6),
	(3625, NULL, 'Domingo', 'Rodríguez Aguado', '1964-08-05', '', '696672269', '-1', 'C/ S. Palomo Linares, 22,Bj.B', '45240', 'Alameda de la Sagra', '', 'Verificar domicilio y años peregrinando.', _binary 0x7472756500, NULL, 0, 8),
	(3626, NULL, 'Santiago José', 'Álvarez del Castillo', '1975-03-21', '', '925790458', '686343725', 'C/ Sedeña, 3', '45514', 'Quismondo', '', '', _binary 0x7472756500, NULL, 5, 20),
	(3627, NULL, 'Ramón', 'Alonso Ruiz', '1942-09-23', '', '926578258', '-1', 'C/ Toledo, 28', '45730', 'Villafranca de los Caballeros', '', '', _binary 0x7472756500, NULL, 5, 19),
	(3628, NULL, 'Ángel', 'Arribas Garrido', '1939-03-01', '', '925750943', '-1', 'C/ Pascuala Gómez, 5', '45516', 'La Puebla de Montalbán', '', '', _binary 0x7472756500, NULL, 3, 27),
	(3629, NULL, 'Magín', 'Carrillo Humanes', '1950-08-19', '', '925355084', '659013524', 'C/ Iglesia, 11', '45592', 'Cabañas de la Sagra', '', 'Peregrino 1 año.', _binary 0x7472756500, NULL, 2, 39),
	(3630, NULL, 'Francisco', 'García Álvarez', '1900-01-01', '', '626839018', '-1', 'Ronda del Canillo, 25 - 3º D', '45600', 'Talavera de la Reina', '', '', _binary 0x7472756500, NULL, 5, 6),
	(3631, NULL, 'Esteban', 'Muñoz Izquierdo', '1952-08-25', 'emi7636x@gmail.com', '915303948', '649331983', 'Pso. Sta. María Cabeza, 50-3ºD', '28045', 'Madrid', '', '', _binary 0x7472756500, NULL, 0, 26),
	(3632, NULL, 'Manuel', 'Garrido Rocha', '1944-07-28', '', '925815608', '670302150', 'Entrada Bº Nuevo, 7 - 4º E', '45600', 'Talavera de la Reina', '', '', _binary 0x7472756500, NULL, 0, 24),
	(3633, NULL, 'Ricardo', 'Riesco Lozano', '1952-06-06', '', '925828857', '619866963', 'Pº de los Magnolios, 55', '45600', 'Talavera de la Reina', '', '', _binary 0x7472756500, NULL, 0, 22),
	(3634, NULL, 'Antonio', 'Vicente García', '1960-05-08', '', '925810610', '629515566', 'Pº Padre Juan Mariana, 2- 5º B', '45600', 'Talavera de la Reina', '', '', _binary 0x7472756500, NULL, 0, 8),
	(3635, NULL, 'Pablo', 'Vela Entrena', '1952-03-31', '', '915610086', '-1', 'C/ Felipe Campos, 32', '28002', 'Madrid', '', '', _binary 0x7472756500, NULL, 0, 16),
	(3636, NULL, 'Luis', 'Cañadas Zarraute', '1952-02-20', '', '925140498', '650974947', 'C/ General Prim, 5', '45350', 'Noblejas', '', '1 de Peregrino', _binary 0x7472756500, NULL, 1, 24),
	(3637, NULL, 'Juan Benito', 'Barrasa Morales', '1968-04-29', '', '617311797', '-1', 'C/ Ermita, 10 -1º', '45006', 'Toledo', '', '', _binary 0x7472756500, NULL, 3, 19),
	(3638, NULL, 'Jesús', 'Agenjo Valero', '1964-07-28', '', '925254274', '-1', 'C/ Cáceres, 6 - 2º A', '45005', 'Toledo', '', '1 año Peregrino.', _binary 0x7472756500, NULL, 5, 15),
	(3639, NULL, 'Ezequiel', 'Calderón Gómez', '1951-12-22', '', '925140084', '-1', 'C/ Mayor, 94', '45350', 'Noblejas', '', '', _binary 0x7472756500, NULL, 5, 11),
	(3640, NULL, 'Ángel', 'Fernández López', '1953-03-01', '', '925762828', '-1', 'Avda. Pilar, 14 - 4º C', '45500', 'Torrijos', '', '', _binary 0x7472756500, NULL, 0, 14),
	(3641, NULL, 'Miguel', 'Matas Muñoz', '1936-10-12', '', '925353957', '-1', 'Urb. El Mirador, 9 - B', '45280', 'Olías del Rey', '', '', _binary 0x7472756500, NULL, 0, 10),
	(3642, NULL, 'Marcos', 'Fernández Robles', '1978-06-06', '', '925762828', '620441097', 'Avda. del Pilar, 14 - 4º C', '45500', 'Torrijos', '', '', _binary 0x7472756500, NULL, 0, 8),
	(3643, NULL, 'Aurelio', 'Montoya Esteban', '1948-01-06', '', '675183235', '925232840', 'Via Tarpeya, 1 - Urb. Tarpeya, 89', '45007', 'Toledo', '', '', _binary 0x7472756500, NULL, 0, 46),
	(3644, NULL, 'Pedro', 'Gómez Rodríguez', '1962-08-31', '', '925760781', '-1', 'C/ Ambrosio Ballesteros, 9-2ºA', '45500', 'Torrijos', '', '', _binary 0x7472756500, NULL, 0, 8),
	(3645, NULL, 'Luís', 'Gutiérrez González', '1936-09-22', '', '925140086', '-1', 'C/ Adelaido Rodríguez, 1-2º A', '45350', 'Noblejas', '', '', _binary 0x7472756500, NULL, 5, 46),
	(3646, NULL, 'Purificación', 'González Porro', '1959-06-22', '', '925779109', '606800849', 'C/ Eras, 28', '45526', 'Val de Sto. Domingo', '', 'Peregrina 2 años.', _binary 0x7472756500, NULL, 0, 13),
	(3647, NULL, 'Mª Jesús', 'Rodríguez García', '1956-09-09', '', '925762430', '925762430', 'C/ Los Faroles, 18', '45500', 'Torrijos', '', '', _binary 0x7472756500, NULL, 0, 17),
	(3648, NULL, 'María del Rosario', 'Guerrero Maroto', '1965-07-28', '', '615894878', '665981753', 'C/ Jano, 40', '28340', 'Valdemoro', '', 'Peregrina 2 años.POR SUS ESCRITOS SE DESPRENDE QUE PIDE LA BAJA.', _binary 0x7472756500, NULL, 5, 15),
	(3649, NULL, 'María del Carmen', 'García Cano', '1965-07-23', '', '925460795', '629376658', 'C/ Cervantes, 1', '45710', 'Madridejos', '', 'Peregrina 7 años', _binary 0x7472756500, NULL, 7, 7),
	(3650, NULL, 'Berena', 'Sánchez Martín', '1955-07-29', '', '925555555', '646907898', 'C/ Mariano Larruga, 8', '45250', 'Añover de Tajo', '', 'Peregrina 4 años.', _binary 0x7472756500, NULL, 0, 10),
	(3651, NULL, 'María Luisa', 'López-Lillo Hernández', '1967-09-25', '', '925141032', '615102799', 'Avda. Castilla-La Mancha, 23', '45350', 'Noblejas', '', '', _binary 0x7472756500, NULL, 0, 7),
	(3652, NULL, 'Sagrario', 'Zamora González', '1900-01-01', '', '925221413', '628539458', 'Avda. Reconquista, 14 D 1º Izq', '45004', 'Toledo', '', '', _binary 0x7472756500, NULL, 0, 37),
	(3653, NULL, 'Adoración', 'Palomo Guío', '1960-08-09', '', '914166744', '609914878', 'C/ Sta. Hortensia, 27, 7ª D', '28002', 'Madrid', '', 'Peregrina 1 año.', _binary 0x7472756500, NULL, 0, 24),
	(3654, NULL, 'María Lourdes', 'Sen del Prado', '1959-12-02', '', '918624122', '606129776', 'C/ Campanillo, 1', '45900', 'Almorox', '', '', _binary 0x7472756500, NULL, 0, 26),
	(3655, NULL, 'María Ángeles', 'del Álamo Pérez', '1940-09-07', '', '627123584', '665014911', 'C/ La Rosa, 21', '45313', 'Yepes', '', '', _binary 0x7472756500, NULL, 0, 41),
	(3656, NULL, 'María del Carmen', 'Crespo García', '1981-08-02', '', '661661170', '-1', 'C/ Iglesia, 8', '45350', 'Noblejas', '', 'Peregrina 2 años.', _binary 0x7472756500, NULL, 1, 4),
	(3657, NULL, 'María Isabel', 'De la Rosa Ruiz', '1969-04-06', '', '925745290', '696545808', 'C/ Colón, 7', '45516', 'La Puebla de Montalbán', '', '1 AÑO DE PEREGRINA.', _binary 0x7472756500, NULL, 1, 6),
	(3658, NULL, 'María Victoria', 'Lobato Balmaseda', '1968-05-04', '', '625886275', '-1', 'C/ Virgen Chica, 1 - 1º B', '45006', 'Toledo', '', 'Peregrina 4 años.', _binary 0x7472756500, NULL, 0, 5),
	(3659, NULL, 'María Jesús', 'González Pajuelo', '1948-12-31', '', '925300292', '-1', 'C/ Esparteros, 29', '45400', 'Mora', '', '', _binary 0x7472756500, NULL, 0, 19),
	(3660, NULL, 'María Luisa', 'Guerrero Parla', '1949-07-31', '', '925211527', '650544192', 'Rda. Buenavista, 20 - P.4-5ºD', '45005', 'Toledo', '', '', _binary 0x7472756500, NULL, 1, 32),
	(3661, NULL, 'Antonio', 'Simón Martínez', '1959-01-22', '', '925828059', '650188650', 'Ronda Canillo, 29 - 8º A', '45600', 'Talavera de la Reina', '', '', _binary 0x7472756500, NULL, 0, 21),
	(3662, NULL, 'Toribio', 'Santos Rodelgo', '1948-12-24', '', '925160563', '629346668', 'C/ Santísimo, 7', '45860', 'Villacañas', '', '', _binary 0x7472756500, NULL, 0, 23),
	(3663, NULL, 'Francisco José', 'Santiago Pascual', '1958-04-01', '', '918904266', '676849836', 'C/ Teniente Tegel, 6', '28200', 'San Lorenzo de El Escorial', '', '', _binary 0x7472756500, NULL, 0, 27),
	(3664, NULL, 'Manuel', 'Ramos Campos', '1949-10-04', '', '659454765', '-1', 'Pl. Miguel Hernández, 5 - 2º A', '45600', 'Talavera de la Reina', '', '', _binary 0x7472756500, NULL, 0, 4),
	(3665, NULL, 'Eusebio Pedro', 'Ramírez Montalvo', '1955-06-07', '', '610454448', '-1', 'C/ Loriente, 8', '45370', 'Sta. Cruz de la Zarza', '', '', _binary 0x7472756500, NULL, 0, 12),
	(3666, NULL, 'Andrés Francisco', 'Peña Macías', '1961-02-26', '', '649373653', '-1', 'C/ Lanceros, 8', '45260', 'Villaseca de la Sagra', '', '', _binary 0x7472756500, NULL, 0, 1),
	(3667, NULL, 'Luis', 'Pasero Mayoral', '1961-12-25', '', '615985741', '-1', 'C/ Barranco del Cristo, 3 - C', '45950', 'Casarrubios del Monte', '', '', _binary 0x7472756500, NULL, 0, 13),
	(3668, NULL, 'Juan Antonio', 'Ortega Gómez', '1968-03-06', '', '925310546', '620168996', 'C/ Ancha, 25', '45260', 'Villaseca de la Sagra', '', '', _binary 0x7472756500, NULL, 0, 6),
	(3669, NULL, 'Jesús', 'Ortega Gómez', '1981-01-23', '', '925278140', '661741902', 'C/ Ancha, 25', '45260', 'Villaseca de la Sagra', '', '', _binary 0x7472756500, NULL, 0, 5),
	(3670, NULL, 'Luis Miguel', 'Morillo Palomares', '1972-04-27', '', '925253989', '620118497', 'Rda. Buenavista,31,B.1 P.2 4ºC', '45005', 'Toledo', '', '', _binary 0x7472756500, NULL, 1, 14),
	(3671, NULL, 'José Marino', 'Hernández Huete', '1960-08-12', '', '915816503', '629188849', 'Pl. Benjamín Palencia,2 B-2ºC', '28901', 'Getafe', '', '', _binary 0x7472756500, NULL, 0, 24),
	(3672, NULL, 'Luis Mariano', 'Gómez Alonso', '1955-01-21', '', '925821476', '651935565', 'C/ Mariano Ortega, 11', '45600', 'Talavera de la Reina', '', '', _binary 0x7472756500, NULL, 5, 7),
	(3673, NULL, 'Ramón', 'Fernández Humanes', '1951-08-31', '', '925558140', '-1', 'C/ Rio, 17', '45212', 'Lominchar', '', '', _binary 0x7472756500, NULL, 0, 11),
	(3674, NULL, 'Antonio', 'García-Ochoa Pérez-Grueso', '1964-05-20', '', '925390540', '610014351', 'C/ Dorotitas, 19', '45110', 'Ajofrín', '', '', _binary 0x7472756500, NULL, 0, 7),
	(3675, NULL, 'Leandro', 'Díaz-Maroto Domínguez', '1900-01-01', '', '619047757', '1627166243', 'C/ Piedad, 9', '45850', 'La Villa de D. Fadrique', '', '', _binary 0x7472756500, NULL, 4, 11),
	(3676, NULL, 'Gregorio', 'Cañadas García', '1948-10-01', '', '925140083', '-1', 'Pº Estación, 24', '45350', 'Noblejas', '', '', _binary 0x7472756500, NULL, 1, 4),
	(3677, NULL, 'Purificación', 'Madroñal López', '1954-02-02', '', '925441147', '669016586', 'C/ Carretera, 111', '45575', 'Aldeanueva S. Bartolomé', '', '', _binary 0x7472756500, NULL, 0, 8),
	(3678, NULL, 'José María', 'Campos Peña', '1957-12-08', '', '661420147', '-1', 'Hospital Nacional Parapléjicos', '45005', 'Toledo', '', '', _binary 0x7472756500, NULL, 0, 5),
	(3679, NULL, 'Oscar', 'Avilés Santos', '1973-05-18', '', '925150032', '619814854', 'C/ Hernán Cortés, 36', '45360', 'Villarrubia de Santiago', '', 'Peregrino 3 años.', _binary 0x7472756500, NULL, 2, 4),
	(3680, NULL, 'Antonio', 'Díaz García', '1938-10-11', '', '638982013', '-1', 'C/ Faisanes, 259  Las Nieves', '45191', 'Nambroca', '', 'Peregrino 1 año.', _binary 0x7472756500, NULL, 1, 36),
	(3681, NULL, 'María José', 'Carbonell López', '1951-05-22', '', '925376197', '655470780', 'Avda. Toledo, 5 - 1º B', '45122', 'Argés', '', 'Peregrina 2 años.', _binary 0x7472756500, NULL, 2, 27),
	(3682, NULL, 'Teresa', 'Martín González', '1952-03-30', '', '925222358', '616628051', 'C/ de las Huertas', '45003', 'Toledo', '', '', _binary 0x7472756500, NULL, 0, 26),
	(3683, NULL, 'Alicia', 'Gómez Rodríguez', '1968-10-15', '', '925358052', '696122561', 'C/ Ramón y Cajal, 22', '45593', 'Bargas', '', '', _binary 0x7472756500, NULL, 0, 16),
	(3684, NULL, 'Teresa', 'Muñoz García', '1900-01-01', '', '925805920', '629671812', 'C/Capitán Cortés,19 Bq.A-5-4ºA', '45600', 'Talavera de la Reina', '', '', _binary 0x7472756500, NULL, 0, 35),
	(3685, NULL, 'Marta', 'Ortega Galán', '1971-01-15', '', '925221305', '629160369', 'C/ Alemania, 162', '45005', 'Toledo', '', '', _binary 0x7472756500, NULL, 0, 6),
	(3686, NULL, 'Yolanda', 'Rojas de la Cruz', '1975-03-27', '', '617250613', '-1', 'C/ Sta. Rosa de Lima, 6', '45100', 'Sonseca', '', '', _binary 0x7472756500, NULL, 0, 1),
	(3687, NULL, 'María Montserrat', 'Zurita Monzón', '1953-06-21', '', '925029781', '659696155', 'C/ S. Clemente, 11-C 1º B', '45600', 'Talavera de la Reina', '', '', _binary 0x7472756500, NULL, 0, 25),
	(3688, NULL, 'Mercedes', 'Aparicio Checa', '1953-12-10', '', '915303948', '629235131', 'Sta. María Cabeza,50 -3º D', '28045', 'Madrid', '', '', _binary 0x7472756500, NULL, 5, 26),
	(3689, NULL, 'Carmen', 'Galán Barroso', '1958-09-28', '', '925255220', '626588247', 'Avda. América,1-B E.Dcha.3ºD', '45004', 'Toledo', '', '', _binary 0x7472756500, NULL, 7, 30),
	(3690, NULL, 'María José', 'Povedano Arroyo', '1961-01-09', '', '925554430', '665526855', 'C/ Calvario, 6', '45290', 'Pantoja', '', '', _binary 0x7472756500, NULL, 0, 11),
	(3691, NULL, 'María José', 'Pulido Vivar', '1957-06-30', '', '925822141', '651194535', 'C/ Pablo Picaso, 11 - 2º A', '45600', 'Talavera de la Reina', '', '', _binary 0x7472756500, NULL, 0, 9),
	(3692, NULL, 'María del Pilar', 'Nombela Vallejo', '1953-10-12', '', '925212344', '-1', 'R.Buenavista,4 Bq. A,2º C', '45005', 'Toledo', '', '', _binary 0x7472756500, NULL, 0, 16),
	(3693, NULL, 'María José', 'Cazador López', '1992-08-14', '', '667859232', '-1', 'P. San Esteban, 2 Bajo C', '45600', 'Talavera de la Reina', '', '', _binary 0x7472756500, NULL, 1, 2),
	(3694, NULL, 'María del Carmen', 'Carmena de la Fuente', '1963-02-06', '', '629557485', '-1', 'C/ Las Salinas, 35', '45250', 'Añover de Tajo', '', 'Peregrina 6 años.', _binary 0x7472756500, NULL, 2, 7),
	(3695, NULL, 'Mariam', 'Lázaro López', '1983-01-23', '', '627930978', '925740339', 'C/ Villaminaya, 7', '45430', 'Mascaraque', '', '', _binary 0x7472756500, NULL, 0, 8),
	(3696, NULL, 'Teodora', 'Vázquez Rubio', '1941-10-26', '', '925760722', '695189828', 'C/ del Greco, 3 - 2º B', '45500', 'Torrijos', '', '', _binary 0x7472756500, NULL, 0, 25),
	(3697, NULL, 'Paula Covadonga', 'Marín González', '1972-05-28', '', '925383388', '666884736', 'C/ Atenas, 7', '45100', 'Sonseca', '', 'Peregrina 2 años.', _binary 0x7472756500, NULL, 0, 14),
	(3698, NULL, 'María Concepción', 'Ortiz Novillo', '1962-03-01', '', '925480932', '646827953', 'Avda. Constitución, 13', '45700', 'Consuegra', '', '', _binary 0x7472756500, NULL, 0, 23),
	(3699, NULL, 'Carmelina', 'Arroyo García-Verdugo', '1957-09-22', '', '925358095', '1627166243', 'Urb. Los Pinos, 18', '45280', 'Olías del Rey', '', 'Peregrina 1 año.', _binary 0x7472756500, NULL, 6, 6),
	(3700, NULL, 'María Victoria', 'Prieto Panes', '1964-02-01', '', '925520224', '-1', 'C/ Caballeros, 33', '45221', 'Esquivias', '', '', _binary 0x7472756500, NULL, 0, 7),
	(3701, NULL, 'Antonio', 'Lucha López', '1940-06-25', '', '686149759', '-1', 'C/ Federico Gª Lorca, 9-1-P.4', '45007', 'Toledo', '', 'Lleva muchos más años., pero no aparecen en la ficha.', _binary 0x7472756500, NULL, 0, 13),
	(3702, NULL, 'Pilar', 'Bogarin Abreu', '1900-01-01', '', '916533000', '630524896', 'Avda. Independencia, 30 - 5º A', '28702', 'S. Sebastián de los Reyes', '', 'Peregrina 1 año.', _binary 0x7472756500, NULL, 5, 4),
	(3703, NULL, 'Francisco', 'Blázquez Nanclares', '1950-06-04', '', '646558185', '-1', 'C/ Argentina, 4 - 1º C', '45600', 'Talavera de la Reina', '', '', _binary 0x7472756500, NULL, 5, 10),
	(3704, NULL, 'Rodolfo', 'Escudero Valverde', '1946-11-21', '', '925720054', '-1', 'C/ Hermanos Maristas, 2 - 6ºA', '45600', 'Talavera de la Reina', '', '', _binary 0x7472756500, NULL, 5, 4),
	(3705, NULL, 'Damián', 'Florín Álvarez-Cabeza', '1935-10-10', '', '925154346', '665014911', 'C/ Rosa, 21', '45313', 'Yepes', '', '', _binary 0x7472756500, NULL, 5, 20),
	(3706, NULL, 'José María', 'López Pulido', '1990-10-30', '', '651194535', '-1', 'C/ Pablo Picaso, 11 - 2º A', '45600', 'Talavera de la Reina', '', '', _binary 0x7472756500, NULL, 0, 1),
	(3707, NULL, 'Julián', 'López Pulido', '1984-10-07', '', '625999180', '-1', 'C/ Pablo Picaso, 11 - 2º A', '45600', 'Talavera de la Reina', '', '', _binary 0x7472756500, NULL, 0, 1),
	(3708, NULL, 'Juan Carlos', 'López Martín', '1969-03-10', '', '918177030', '667663110', 'C/ Iglesia, 4', '45930', 'Méntrida', '', '', _binary 0x7472756500, NULL, 5, 6),
	(3709, NULL, 'Francisco de Asís', 'Ortiz Collado', '1966-10-03', '', '925756161', '609268429', 'Ctra. de Polán, 10', '45521', 'Burujón', '', '', _binary 0x7472756500, NULL, 0, 2),
	(3710, NULL, 'José Luis', 'Quintana Martínez', '1973-06-08', '', '925230621', '627266145', 'Avda. Rio Estenilla, 3 B - 3ºA', '45007', 'Toledo', '', '', _binary 0x7472756500, NULL, 0, 5),
	(3711, NULL, 'Pelayo', 'Rodríguez Ramos', '1963-11-09', '', '925780721', '610971991', 'Pl. Infante d: Juan Mnauel, 27', '45910', 'Escalona', '', '', _binary 0x7472756500, NULL, 0, 1),
	(3712, NULL, 'Enrique', 'Rodríguez Torrejón', '1976-08-16', '', '924650134', '657610580', 'C/ La Iglesia', '6670', 'Herrera del Duque', '', 'Peregrino 1 año.	', _binary 0x7472756500, NULL, 0, 3),
	(3713, NULL, 'Juan', 'Sanz Pecharromán', '1945-08-29', '', '925328067', '608712108', 'C/ Las Eras, 18', '45789', 'Turleque', '', 'Peregrino 2 años.', _binary 0x7472756500, NULL, 0, 14),
	(3714, NULL, 'Marcelino', 'Yustres Fernández-Tostado', '1971-11-30', '', '618912583', '-1', 'C/ Real, 46', '45880', 'Corral de Almaguer', '', '', _binary 0x7472756500, NULL, 0, 6),
	(3715, NULL, 'Sagrario', 'López Rodríguez', '1963-11-11', '', '925762745', '619711621', 'C/ Faroles, 21', '45500', 'Torrijos', '', '', _binary 0x7472756500, NULL, 0, 24),
	(3716, NULL, 'María Luisa', 'Fernández-Pacheco Jiménez', '1941-12-22', '', '925760328', '609859342', 'C/ Cristo, 9', '45500', 'Torrijos', '', '', _binary 0x7472756500, NULL, 0, 36),
	(3717, NULL, 'Clara', 'Rodríguez Sanz', '1940-11-30', '', '925760711', '609859342', 'C/ Puentes, 1', '45500', 'Torrijos', '', '', _binary 0x7472756500, NULL, 0, 38),
	(3718, NULL, 'María Araceli', 'Gutiérrez López', '1937-06-10', '', '925760103', '647450268', 'Finca la Salve, 10', '45500', 'Torrijos', '', '', _binary 0x7472756500, NULL, 1, 41),
	(3719, NULL, 'Trinidad', 'Rodríguez Garrido', '1942-02-20', '', '925762330', '646806526', 'C/ Gregorio Sánchez, 3 - 2ºA', '45500', 'Torrijos', '', '', _binary 0x7472756500, NULL, 0, 26),
	(3720, NULL, 'María José', 'Guío Nombela', '1951-12-07', '', '925771015', '646806526', 'C/ Eras de S. Francisco, 1-1ºB', '45500', 'Torrijos', '', 'Peregrina 2 años.', _binary 0x7472756500, NULL, 1, 14),
	(3721, NULL, 'María', 'García-Page Ruiz', '1948-07-30', '', '925751348', '-1', 'Plazuela Bataneros, 13', '45516', 'La Puebla de Montalbán', '', '', _binary 0x7472756500, NULL, 5, 33),
	(3722, NULL, 'Dolores', 'Colino Zapardiel', '1941-11-24', '', '914350551', '660759459', 'c/ Antonio Acuña, 5 - 3º Izq', '28009', 'Madrid', '', '', _binary 0x7472756500, NULL, 1, 33),
	(3723, NULL, 'Gloria', 'Colino Zapardiel', '1944-10-10', '', '925771351', '689781819', 'C/ Puente, 26- 3º B', '45500', 'Torrijos', '', '', _binary 0x7472756500, NULL, 1, 31),
	(3724, NULL, 'Patrocinio', 'Serrano Rodríguez', '1947-07-26', '', '925216598', '649902869', 'Bajada S. Martín, 13 , 1º B', '45002', 'Toledo', '', '', _binary 0x7472756500, NULL, 0, 24),
	(3725, NULL, 'Mercedes', 'Villareal Gómez', '1945-09-14', '', '925760560', '617364616', 'C/ Puente, 28 - 1º D', '45500', 'Torrijos', '', '', _binary 0x7472756500, NULL, 0, 25),
	(3726, NULL, 'Inmaculada', 'Villareal Gómez', '1943-12-05', '', '981201319', '617364616', 'Edificio Mediodía, 8 - 5º H', '15002', 'La Coruña', '', '', _binary 0x7472756500, NULL, 0, 16),
	(3727, NULL, 'Encarnación', 'Rodrigo Simón', '1947-03-25', '', '915040929', '617364616', 'C/ Fernán González, 26', '28009', 'Madrid', '', '', _binary 0x7472756500, NULL, 0, 13),
	(3728, NULL, 'María del Carmen', 'García-Page García', '1958-05-22', '', '678178044', '617364616', 'C/ García Morato, 11', '45500', 'Torrijos', '', 'Peregrina 2 años.', _binary 0x7472756500, NULL, 7, 9),
	(3729, NULL, 'Pilar', 'Izquierdo Serrano', '1944-02-28', '', '925760064', '617364616', 'C/ Pensamiento, 30 - Bajo A', '45500', 'Torrijos', '', 'Peregrina 1 año.', _binary 0x7472756500, NULL, 0, 21),
	(3730, NULL, 'María José', 'Iglesias Martín', '1937-03-19', '', '925353957', '617364616', 'Urb El Mirador, Chalet 9 B', '45280', 'Olías del Rey', '', '', _binary 0x7472756500, NULL, 0, 19),
	(3731, NULL, 'Sagrario', 'de la Peña González', '1954-11-24', '', '925760007', '617364616', 'C/ Labradores, 14', '45518', 'Gerindote', '', '', _binary 0x7472756500, NULL, 1, 6),
	(3732, NULL, 'María José', 'Ramiro Sobreroca', '1946-03-03', '', '925300845', '617364616', 'C/ Ancha, 19', '45400', 'Mora', '', 'Peregrina 1 año.', _binary 0x7472756500, NULL, 0, 28),
	(3733, NULL, 'María del Pilar', 'Torrijos Verdugo', '1900-01-01', '', '925143329', '617364616', 'C/ Loriente, 8', '45370', 'Santa Cruz de la Zarza', '', 'Peregrina 2 años.', _binary 0x7472756500, NULL, 0, 28),
	(3734, NULL, 'Purificación', 'Mantínez Monforte', '1944-01-21', '', '963447135', '667531591', 'C/ Trafalgar, 52-5-9D', '46023', 'Valencia', '', '', _binary 0x7472756500, NULL, 0, 19),
	(3735, NULL, 'Margarita', 'Díaz Paredes', '1951-06-27', '', '925760207', '667531591', 'C/ José Antonio, 16', '45500', 'Torrijos', '', '', _binary 0x7472756500, NULL, 5, 11),
	(3736, NULL, 'Mercedes', 'Gómez Díaz', '1900-01-01', '', '925278341', '673562519', 'C/ Los Gremios, 12', '45260', 'Villaseca de la Sagra', '', '', _binary 0x7472756500, NULL, 4, 41),
	(3737, NULL, 'Victorina', 'Cañadas Huerta', '1955-10-28', '', '925140084', '673562519', 'C/ Mayor, 94', '45350', 'Noblejas', '', 'Peregrina 1 año.', _binary 0x7472756500, NULL, 1, 13),
	(3738, NULL, 'Concepción', 'Treceño Pedroche', '1952-03-18', '', '925140498', '609229535', 'C/ General Prim, 5', '45350', 'Noblejas', '', 'Peregrina 1 año.', _binary 0x7472756500, NULL, 0, 31),
	(3739, NULL, 'María Teresa', 'Gutiérrez Alonso', '1940-07-25', '', '925140086', '609229535', 'C/ Adelaido Rodríguez, 1-2ºA', '45350', 'Noblejas', '', '', _binary 0x7472756500, NULL, 5, 43),
	(3740, NULL, 'María del Carmen', 'Zamorano Rodríguez', '1951-07-14', '', '925140108', '651194087', 'C/ A. Rodríguez, 13', '45350', 'Noblejas', '', '', _binary 0x7472756500, NULL, 0, 29),
	(3741, NULL, 'Leticia', 'Azaña Balmaseda', '1987-07-20', '', '686202583', '697930060', 'C/ Donantes de Sangre, 3-3º F', '45004', 'Toledo', '', '', _binary 0x7472756500, NULL, 3, 6),
	(3742, NULL, 'María Teresa', 'Rullo Valdepeñas', '1964-01-26', '', '619455911', '626089975', 'C/ Camino Legua, 3', '45730', 'Villafranca de los Caballeros', '', 'Peregrina 1 año.', _binary 0x7472756500, NULL, 0, 5),
	(3743, NULL, 'María Luisa', 'García-Calderón Pérez', '1964-08-16', '', '925141331', '665968598', 'C/ Empedrada, 33', '45350', 'Noblejas', '', '', _binary 0x7472756500, NULL, 1, 30),
	(3744, NULL, 'Manuela', 'Rodríguez García', '1955-12-19', '', '925141185', '665968598', 'Trav. Mediodía, 1', '45350', 'Noblejas', '', '', _binary 0x7472756500, NULL, 0, 5),
	(3745, NULL, 'Vicenta', 'Zamorano Huerta', '1962-05-11', '', '925141291', '609450092', 'C/ Comuneros Castilla, 32', '45350', 'Noblejas', '', '', _binary 0x7472756500, NULL, 0, 18),
	(3746, NULL, 'Antonia', 'Sánchez López-León', '1954-06-12', '', '925140071', '697930060', 'C/ Adelaido Rodríguez, 1 -1ºA', '45350', 'Noblejas', '', 'Peregrina 1 año.', _binary 0x7472756500, NULL, 0, 21),
	(3747, NULL, 'María Gema', 'Jiménez Amores', '1964-04-29', '', '925141485', '697930060', 'C/ Gran Bretaña, 1', '45350', 'Noblejas', '', 'Peregrina 2 años.', _binary 0x7472756500, NULL, 5, 2),
	(3748, NULL, 'Diana', 'González Balmaseda', '1994-09-07', '', '600223134', '697930060', 'C/ Corpus Christi, 12 - 1º B', '45005', 'Toledo', '', '', _binary 0x7472756500, NULL, 4, 3),
	(3749, NULL, 'Berta', 'Fuentes Alonso', '1964-01-03', '', '925254274', '677689744', 'C/ Cáceres, 6 - 2º A', '45005', 'Toledo', '', 'Peregrina varios años.', _binary 0x7472756500, NULL, 1, 13),
	(3750, NULL, 'María Mercedes', 'Villamuelas Donaire', '1966-04-01', '', '925313208', '609257524', 'C/ Gorriones, 2 - Los Olivos', '45280', 'Olías del Rey', '', '', _binary 0x7472756500, NULL, 0, 17),
	(3751, NULL, 'Eladio', 'Martín García', '1947-09-07', '', '925762657', '679205163', 'Avda. Estación, 125', '45500', 'Torrijos', '', 'SACERDOTE', _binary 0x7472756500, NULL, 0, 4),
	(3752, NULL, 'Ana María', 'Martín Herrero', '1964-11-09', '', '639096982', '925810821', 'Avda. Francisco Aguirre,257', '45600', 'Talavera de la Reina', '', 'FARMACEUTICA', _binary 0x7472756500, NULL, 0, 4),
	(3753, NULL, 'Arockia Raja', 'Kulandai Samy', '1975-11-10', '', '601402048', '925813627', 'Carmelitas (Sta. Sabina, 1)', '45600', 'Talavera de la Reina', '', 'SACERDOTE', _binary 0x7472756500, NULL, 5, 1),
	(3754, NULL, 'Felisa', 'Rodríguez Pérez', '0922-07-12', '', '925278530', '657906393', 'C/ Castillo, 3', '45006', 'Toledo', '', 'CALCULADO LAS PEREGRINACIONES', _binary 0x7472756500, NULL, 0, 24),
	(3755, NULL, 'Vicenta', 'Gómez Ruano', '1946-01-01', '', '925270292', '628309841', 'C/ Calvo Sotelo, 2', '45270', 'Mocejón', '', '', _binary 0x7472756500, NULL, 0, 12),
	(3756, NULL, 'Teresa', 'Pérez Ramírez', '1949-08-28', '', '618854450', '628309841', 'C/ Alfonsillos, 6', '45270', 'Mocejón', '', '', _binary 0x7472756500, NULL, 0, 3),
	(3757, NULL, 'Ángel', 'Medina Fernández', '1948-03-27', '', '925360341', '667969871', 'C/ José Mª Pemán, 23', '45270', 'Mocejón', '', '', _binary 0x7472756500, NULL, 0, 9),
	(3758, NULL, 'María Nieves', 'Nieto Redondo', '1953-03-22', '', '925360341', '667969871', 'C/ José Mª Pemán, 23', '45270', 'Mocejón', '', '', _binary 0x7472756500, NULL, 1, 8),
	(3759, NULL, 'Dolores', 'González Alonso', '1946-12-18', '', '670331223', '667969871', 'C/ La Luna, 17', '45940', 'Valmojado', '', '', _binary 0x7472756500, NULL, 4, 2),
	(3760, NULL, 'Juan Antonio', 'López Pérez', '1940-02-13', '', '670331223', '667969871', 'C/ Luna, 17', '45940', 'Valmojado', '', '', _binary 0x7472756500, NULL, 0, 2),
	(3761, NULL, 'Hermenegilda', 'Serrano Villafranca', '1935-06-12', '', '925178486', '687706217', 'Pl. de la Independencia, 2', '45840', 'Puebla de Almoradiel', '', '', _binary 0x7472756500, NULL, 0, 5),
	(3762, NULL, 'Eladia', 'Rodríguez de la Torre', '1944-05-29', '', '605832187', '686343725', 'C/ Manuel de Falla, 14', '45840', 'Puebla de Almoradiel', '', '', _binary 0x7472756500, NULL, 0, 5),
	(3763, NULL, 'Juani', 'Romo Caballero', '1949-03-08', '', '629989909', '652211063', 'Residencia Asistida S. José', '45008', 'Toledo', '', '', _binary 0x7472756500, NULL, 0, 20),
	(3764, NULL, 'Margarita', 'Herrero Obejero', '1939-02-22', '', '925793097', '690666183', 'C/ Mirra, 7', '45594', 'Villamiel', '', '', _binary 0x7472756500, NULL, 0, 1),
	(3765, NULL, 'María Teresa', 'Rodríguez Camacho', '1955-09-08', '', '925212348', '652211063', 'Rda. Buenavista, 24 BL 11- 5ºC', '45005', 'Toledo', '', '', _binary 0x7472756500, NULL, 0, 7),
	(3766, NULL, 'Manuel', 'Téllez Lozano', '1927-03-16', '', '925430932', '667969871', 'C/ Doctor Fleming, 4', '45567', 'Lagartera', '', '', _binary 0x7472756500, NULL, 0, 8),
	(3767, NULL, 'Julia', 'Sánchez Iglesias', '1926-09-26', '', '925430932', '667969871', 'C/ Doctor Fleming, 4', '45567', 'Lagartera', '', '', _binary 0x7472756500, NULL, 0, 8),
	(3768, NULL, 'María Ángeles', 'Hijosa Aguado', '1947-08-02', '', '649691339', '620818138', 'C/ La Feria, 11', '45260', 'Villaseca de la Sagra', '', '', _binary 0x7472756500, NULL, 0, 5),
	(3769, NULL, 'José Antonio', 'Mansilla Cano', '1972-11-19', '', '925745317', '628309841', 'C/ Vedado Alto, 36', '45516', 'La Puebla de Montalbán', '', '', _binary 0x7472756500, NULL, 0, 1),
	(3770, NULL, 'Purificación', 'Castaño Martín-Aragón', '1935-09-28', '', '925750968', '626089975', 'C/ Señor Cura, 3', '45516', 'La Puebla de Montalbán', '', '', _binary 0x7472756500, NULL, 1, 2),
	(3771, NULL, 'Mariano', 'Díaz Justo', '1935-08-28', '', '925750853', '1627166243', 'Barrio de los Judios, 7', '45516', 'La Puebla de Montalbán', '', '', _binary 0x7472756500, NULL, 4, 1),
	(3772, NULL, 'Ángela', 'Ruíz Maldonado', '1936-03-29', '', '925750614', '657906393', 'C/ Borques, 3', '45516', 'La Puebla de Montalbán', '', '', _binary 0x7472756500, NULL, 0, 4),
	(3773, NULL, 'María Esther', 'Camacho Téllez', '1959-02-27', '', '925508643', '629258523', 'C/ Paloma, 14', '45214', 'Cedillo del Condado', '', '', _binary 0x7472756500, NULL, 4, 13),
	(3774, NULL, 'Emilia', 'Serrano Díaz', '1931-07-18', '', '925508418', '687706217', 'C/ Galloso Cirugeda, 3', '45214', 'Cedillo del Condado', '', '', _binary 0x7472756500, NULL, 0, 11),
	(3775, NULL, 'Consuelo', 'Serrano Díaz', '1933-09-02', '', '925508227', '687706217', 'C/ Paloma, 42', '45214', 'Cedillo del Condado', '', '', _binary 0x7472756500, NULL, 0, 15),
	(3776, NULL, 'Paula', 'Gutiérrez González', '1926-03-26', '', '925508104', '629258523', 'C/ Iglesia, 1', '45214', 'Cedillo del Condado', '', 'FALLECIDA', _binary 0x7472756500, NULL, 5, 13),
	(3777, NULL, 'Eloisa', 'Rodríguez Arellano', '1938-04-16', '', '925533066', '628309841', 'C/ Doctor Regulez, 8', '45217', 'Ugena', '', '', _binary 0x7472756500, NULL, 0, 7),
	(3778, NULL, 'María Ángeles', 'Sánchez Alonso', '1967-10-09', '', '918174874', '626089975', 'Colonia S. Lorenzo, 10 Bajo', '45180', 'Camarena', '', '', _binary 0x7472756500, NULL, 0, 13),
	(3779, NULL, 'Rosa María', 'González Azurza', '1953-10-03', '', '918174874', '652211063', 'C/ Bodegas, 11', '45180', 'Camarena', '', '', _binary 0x7472756500, NULL, 4, 2),
	(3780, NULL, 'Fidel', 'Ruano Navarro', '1929-03-23', '', '925760943', '657906393', 'Avda. Constitución, 8', '45518', 'Gerindote', '', '', _binary 0x7472756500, NULL, 0, 2),
	(3781, NULL, 'Romualda', 'Gómez Ciruelos', '1932-02-12', '', '925760967', '626089975', 'C/ Albaladilla, 35', '45518', 'Gerindote', '', '', _binary 0x7472756500, NULL, 5, 23),
	(3782, NULL, 'Fructuoso', 'Benito Espinosa', '1940-11-04', '', '918623573', '629258523', 'C/ Los Olivos, 31', '45900', 'Almorox', '', 'FALLECIDO', _binary 0x7472756500, NULL, 3, 3),
	(3783, NULL, 'Miguel Ángel', 'Benito Cortés', '1969-06-22', '', '918623573', '629258523', 'C/ Los Olivos, 31', '45900', 'Almorox', '', '', _binary 0x7472756500, NULL, 3, 6),
	(3784, NULL, 'Teófila', 'Cortés Benito', '1937-06-04', '', '918623573', '629258523', 'C/ Los Olivos, 31', '45900', 'Almorox', '', '', _binary 0x7472756500, NULL, 0, 6),
	(3785, NULL, 'Martín', 'Chozas Palomino', '1945-09-30', '', '925251204', '1627166243', 'C/ Hermanos Becquer, 8 3º', '45001', 'Toledo', '', '', _binary 0x7472756500, NULL, 1, 19),
	(3786, NULL, 'Carmen', 'Casarrubios Serrano', '0943-03-03', '', '925522516', '669355789', 'C/ General Mola, 21', '45191', 'Yunclillos', '', '', _binary 0x7472756500, NULL, 2, 10),
	(3787, NULL, 'Rosario', 'García-Ochoa Jiménez', '1928-10-11', '', '925345009', '626089975', 'C/ Nueva, 1', '45440', 'Villaminaya', '', 'FALLECIDA', _binary 0x7472756500, NULL, 0, 27),
	(3788, NULL, 'María Antonia', 'Pérez García', '1934-11-01', '', '918174448', '677214867', 'C/ Buenavista, 1', '45180', 'Camarena', '', '', _binary 0x7472756500, NULL, 0, 3),
	(3789, NULL, 'Carmen', 'Tejero López-Romero', '1944-10-09', '', '925256644', '686104917', 'Trav. Colombia,10, 1-1ºA', '45004', 'Toledo', '', 'PEREGRINACIONES COMO HOSPITALARIA 17', _binary 0x7472756500, NULL, 0, 5),
	(3790, NULL, 'Basilisa', 'González Pérez-Grueso', '1926-10-14', '', '925230335', '690666183', 'C/ Valdeyernos, 4 - 2ºA', '45007', 'Toledo', '', 'DIRECCION INCORRECTA, NOS DEVUELVEN LAS CARTAS.NO SE ENCUENTRA SU ICHA.', _binary 0x7472756500, NULL, 0, 11),
	(3791, NULL, 'Sagrario', 'García Durán', '1958-11-23', '', '675555988', '620818138', 'C/ Voluntarios de Toledo, 12 F', '45500', 'Torrijos', '', '', _binary 0x7472756500, NULL, 5, 3),
	(3792, NULL, 'Mariano', 'Gómez-Caro Rodríguez', '1957-12-05', '', '925778325', '686857654', 'Pl. de España, 1', '45519', 'Novés', '', '', _binary 0x7472756500, NULL, 7, 39),
	(3793, NULL, 'José Ángel', 'Aguado Gómez', '1973-01-25', '', '925761136', '686857654', 'C/ García Morato, 10', '45500', 'Torrijos', '', '', _binary 0x7472756500, NULL, 5, 9),
	(3794, NULL, 'Pedro', 'Miranda Salciat', '1939-07-27', '', '925253255', '686857654', 'C/ Esparteros, 5 3º D', '45006', 'Toledo', '', '', _binary 0x7472756500, NULL, 0, 9),
	(3795, NULL, 'Sagrario', 'Alonso Martín', '1940-02-14', '', '925253255', '686857654', 'C/ Esparteros, 5 3º D', '45006', 'Toledo', '', '', _binary 0x7472756500, NULL, 5, 8),
	(3796, NULL, 'Memoria', 'Ramírez Huélamo', '1397-04-28', '', '676702144', '635428282', 'C/ El Salvador, 1', '45002', 'Toledo', '', '', _binary 0x7472756500, NULL, 0, 6),
	(3797, NULL, 'Sagrario', 'Aguado Mora', '1937-12-18', '', '925231632', '677214867', 'P. Miguel Hernández, 31 4ºA', '45007', 'Toledo', '', '', _binary 0x7472756500, NULL, 5, 4),
	(3798, NULL, 'María Jesús', 'Torres Martínez', '1963-02-26', '', '925327177', '626089975', 'C/ Cristo, 7', '45789', 'Turleque', '', '', _binary 0x7472756500, NULL, 0, 6),
	(3799, NULL, 'Félix', 'Almendros Pedroche', '2064-04-25', '', '925207429', '686857654', 'C/ Dimas de Madariaga, 14', '45880', 'Corral de Almaguer', '', '', _binary 0x7472756500, NULL, 5, 7),
	(3800, NULL, 'Ángel', 'Martínez Duro', '1974-05-06', '', '925254825', '686857654', 'Avda. Rio Boladiez, 62', '45007', 'Toledo', '', '', _binary 0x7472756500, NULL, 0, 9),
	(3801, NULL, 'María Pilar', 'Castaño Rodríguez', '1970-07-16', '', '626809931', '660759459', 'Cra.Navalpino,33 Bl. 3 -1ºA', '45002', 'Toledo', '', '', _binary 0x7472756500, NULL, 1, 3),
	(3802, NULL, 'María Caridad', 'Fernández de Hita', '1938-02-19', '', '918957347', '620818138', 'C/ Vega, 3', '45007', 'Seseña', '', '', _binary 0x7472756500, NULL, 7, 8),
	(3803, NULL, 'María Rosario', 'Sánchez Rodríguez', '1928-07-27', '', '629085548', '626089975', 'C/ Carmen, 9', '45700', 'Consuegra', '', '', _binary 0x7472756500, NULL, 0, 1),
	(3804, NULL, 'Ángel', 'Gutiérrez Casero', '1951-08-26', '', '925480854', '628309841', 'C/ Dos Hermanas, 22', '45480', 'Urda', '', '', _binary 0x7472756500, NULL, 0, 9),
	(3805, NULL, 'Benito', 'Romeral Rodríguez', '1958-05-20', '', '925481589', '628309841', 'C/ Huertas, 7', '45700', 'Consuegra', '', '', _binary 0x7472756500, NULL, 0, 4),
	(3806, NULL, 'Guadalupe', 'Rodríguez Martín-Palomino', '1933-12-12', '', '925480720', '626089975', 'C/ Gral. Primo de Rivera, 54', '45700', 'Consuegra', '', '', _binary 0x7472756500, NULL, 0, 10),
	(3807, NULL, 'Teresa', 'Martín Patiño', '1942-12-31', '', '925223036', '628309841', 'C/ Esparteros, 8 - 3º B', '45006', 'Toledo', '', 'PEREGRINA MUCHOS AÑOS', _binary 0x7472756500, NULL, 0, 7),
	(3808, NULL, 'Israel', 'Navarro Sánchez', '1974-04-25', '', '925227222', '686857654', 'C/ Coronel Baeza, 19', '45004', 'Toledo', '', '', _binary 0x7472756500, NULL, 0, 28),
	(3809, NULL, 'María Antonia', 'González García', '1958-01-31', '', '925555209', '690666183', 'C/ Velazquez, 6', '45250', 'Añover de Tajo', '', '', _binary 0x7472756500, NULL, 0, 10),
	(3810, NULL, 'Marcelino', 'Casas Puente', '1940-06-02', '', '925223750', '629258523', 'Ronda de Buenavista, 1', '45005', 'Toledo', '', '', _binary 0x7472756500, NULL, 1, 11),
	(3811, NULL, 'Antonio', 'González Domínguez', '1931-09-03', '', '925383252', '660457647', 'C/ San Antonio, 17', '45100', 'Sonseca', '', '', _binary 0x7472756500, NULL, 0, 2),
	(3812, NULL, 'María Jesús', 'Punzón Gómez', '1949-06-05', '', '926558584', '663386374', 'C/ Camuñas, s/n', '45730', 'Villafranca de los Caballeros', '', '', _binary 0x7472756500, NULL, 0, 21),
	(3813, NULL, 'Francisca', 'Álvarez de Lara Ramírez', '1925-12-27', '', '679799794', '677214867', 'C/ Velarde, 23', '45730', 'Villafranca de los Caballeros', '', '', _binary 0x7472756500, NULL, 5, 1),
	(3814, NULL, 'Julia', 'Iglesias Martín', '1927-08-17', '', '925709699', '635428282', 'Urb. Gran Chaparral', '45638', 'Pepino', '', 'PEREGRINA 10 AÑOS', _binary 0x7472756500, NULL, 0, 0),
	(3815, NULL, 'Antonia Isabel', 'Sandoval Iglesias', '1960-09-06', '', '925709699', '660759459', 'Urb Gran Chaparral', '45638', 'Pepino', '', 'PEREGRINA 10 AÑOS', _binary 0x7472756500, NULL, 0, 1),
	(3816, NULL, 'María', 'Rodrigo Reino', '1930-08-22', '', '627513224', '686343725', 'C/ Carretas, 35', '45600', 'Talavera de la Reina', '', '', _binary 0x7472756500, NULL, 0, 1),
	(3817, NULL, 'Concepción', 'Moreno Redondo', '1936-07-12', '', '678413219', '677214867', 'Pl. Mora, 2-4º-C', '45600', 'Talavera de la Reina', '', '', _binary 0x7472756500, NULL, 1, 4),
	(3818, NULL, 'Marina', 'Carballo Cabello', '1934-03-23', '', '925457038', '669355789', 'Plaza España, 7', '45570', 'Puente del Arzobispo', '', '', _binary 0x7472756500, NULL, 2, 7),
	(3819, NULL, 'María', 'de Castro Brasero', '1935-05-04', '', '699939378', '605966951', 'C/Virgen de la Bienvenida', '45570', 'Puente del Arzobispo', '', 'VARIOS AÑOS DE PEREGRINA', _binary 0x7472756500, NULL, 4, 3),
	(3820, NULL, 'Piedad', 'Herrera Nuño', '1930-12-12', '', '639096982', '686857654', 'Avda. Francisco Aguirre, 257', '45600', 'Talavera de la Reina', '', '', _binary 0x7472756500, NULL, 0, 4),
	(3821, NULL, 'Francisco', 'Martín Cid', '1924-03-09', '', '639096982', '686857654', 'Avda. Francisco Aguirre, 257', '45600', 'Talavera de la Reina', '', '', _binary 0x7472756500, NULL, 0, 2),
	(3822, NULL, 'Victorino', 'Muñoz García', '1920-11-08', '', '925805920', '626671812', 'C/ Capitán Cortés,19-Bl.A-5 4º-A', '45600', 'Talavera de la Reina', '', 'VARIOS AÑOS DE PEREGRINO.Fallecido 2016', _binary 0x7472756500, NULL, 0, 1),
	(3823, NULL, 'María Ángeles', 'García del Olmo', '1945-06-28', '', '925806231', '675302609', 'C/ Juan CArlos I, 52', '45600', 'Talavera de la REina', '', '', _binary 0x7472756500, NULL, 0, 2),
	(3824, NULL, 'Mª Orfelina', 'Martín Blázquez', '1931-02-26', '', '925810004', '675953247', 'C/ Morenito de Talavera,5', '45600', 'Talavera de la Reina', '', '', _binary 0x7472756500, NULL, 0, 3),
	(3825, NULL, 'María Isabel', 'Hitos Collado', '1935-08-17', '', '686403885', '675302609', 'Pl. de los Mártires, 2 -3º-B', '45530', 'Santa Olalla', '', 'HOSPITALARIA 17 AÑOS', _binary 0x7472756500, NULL, 0, 2),
	(3826, NULL, 'Gabriela', 'Espejel Polo', '1934-03-19', '', '925807155', '620818138', 'C/ Eusebio Rubalcaba,12-2º-A', '45600', 'Talavera de la Reina', '', '', _binary 0x7472756500, NULL, 0, 1),
	(3827, NULL, 'Julia', 'Muñoz Aceituno', '1946-12-05', '', '925824757', '635485481', 'C/ Parque, 1 - 6º A', '45600', 'Talavera de la Reina', '', '', _binary 0x7472756500, NULL, 0, 33),
	(3828, NULL, 'José Ricardo ', 'Sen Fernández', '1960-02-07', '', '98642755', '1627166243', 'C/ San Isidro, 3', '45313', 'Yepes', '', '', _binary 0x7472756500, NULL, 0, 23),
	(3829, NULL, 'Ana María', 'Tejero de la Huerta', '1943-07-26', '', '626184484', '686857654', 'Pl. Santa Clara, 2-3º', '45002', 'Toledo', '', '', _binary 0x7472756500, NULL, 0, 1),
	(3830, NULL, 'Eduardo', 'Tojero Calderón', '1939-04-28', '', '626184484', '686857654', 'P. Santa Clara, 2-23', '45002', 'Toledo', '', '', _binary 0x7472756500, NULL, 0, 1),
	(3831, NULL, 'Cesárea', 'Zamorano Calderón', '1932-09-06', '', '671214407', '1627166243', 'C/ Manuel Rodríguez Alonso, 17', '45350', 'Noblejas', '', '', _binary 0x7472756500, NULL, 0, 1),
	(3832, NULL, 'Juan Carlos', 'Ortega-Villazaín Félix', '1998-02-17', '', '925155116', '667134562', 'Travesía San Luis, 3', '45313', 'Yepes', '', '', _binary 0x7472756500, NULL, 5, 1),
	(3833, NULL, 'Luís Mauro', 'Milgar Taboada', '1998-04-15', '', '620918545', '925154579', 'C/ Estrella Piso 1, Pta 2', '45313', 'Yepes', '', '', _binary 0x7472756500, NULL, 0, 1),
	(3834, NULL, 'Sor María Cruz', 'Morán Huerga', '1944-11-30', '', '636144265', '-1', 'Avda. Europa, 2 - 3º P. 8', '45005', 'Toledo', '', '', _binary 0x7472756500, NULL, 0, 10),
	(3835, NULL, 'Maximina', 'Torres Ramírez', '1962-03-25', '', '925490443', '636267624', 'C/ Venta de Abajo, 20', '45280', 'Olías del Rey', '', '', _binary 0x7472756500, NULL, 0, 5),
	(3836, NULL, 'Alberto', 'Tordesillas Conejo', '1960-06-29', '', '925490443', '639068290', 'C/ Venta de Abajo, 20', '45280', 'Olías del Rey', '', '', _binary 0x7472756500, NULL, 0, 5),
	(3837, NULL, 'Pablo', 'Tordesillas Torres', '1994-03-25', '', '925490443', '636267624', 'C/ Venta de Abajo, 20', '45280', 'Olías del Rey', '', '', _binary 0x7472756500, NULL, 0, 2),
	(3838, NULL, 'Jesús', 'Tordesillas Torres', '1994-03-25', '', '925490443', '636267624', 'C/ Venta de Abajo, 20', '45280', 'Olías del Rey', '', '', _binary 0x7472756500, NULL, 0, 1),
	(3839, NULL, 'Felipa', 'Díaz del Olmo', '1937-03-26', '', '925803285', '675302609', 'C/ Federico García Lorca, 1-5º-C', '45600', 'Talavera de la Reina', '', '', _binary 0x7472756500, NULL, 1, 0),
	(3840, NULL, 'Carmen', 'Varona García', '1953-12-28', '', '925745369', '925745365', 'Camino de Callejores, 5', '45516', 'La Puebla de Montalbán', '', '', _binary 0x7472756500, NULL, 0, 10),
	(3841, NULL, 'Pedro', 'Serrano Alia', '1942-06-08', '', '925761116', '687706217', 'Pl. San Gil, 13', '45500', 'Torrijos', '', 'FALLECIDO 2016', _binary 0x7472756500, NULL, 0, 3),
	(3842, NULL, 'María del Pilar', 'Sánchez-Heredero Anaya', '1940-07-10', '', '925320177', '660759459', 'C/ Cura, 7', '45470', 'Los Yébenes', '', '', _binary 0x7472756500, NULL, 0, 2),
	(3843, NULL, 'Juan Rafael', 'Pasero Arroyo', '1961-06-26', '', '650325630', '629837165', 'C/ Barranco Valcaliente,64', '45950', 'Casarrubios del Monte', '', '', _binary 0x7472756500, NULL, 0, 5),
	(3844, NULL, 'Arancha', 'Sánchez de Rivera Gutiérrez', '1970-11-20', '', '626620322', '-1', 'Avda. Estación, 127', '45500', 'Torrijos', '', 'Peregrina: 1 año.', _binary 0x7472756500, NULL, 0, 20),
	(3845, NULL, 'María Elena', 'Martín Nieto', '1963-08-25', '', '650646350', '607751184', 'Pl. Iglesia, 4', '45594', 'Villamiel', '', 'Peregrina: 1 año', _binary 0x7472756500, NULL, 0, 8),
	(3846, NULL, 'Isabel', 'Cervantes Rodríguez', '1970-02-11', '', '661609838', '925341021', 'Encomienda, 8 - 2º I', '45400', 'Mora', '', 'Peregrina: 1 año.', _binary 0x7472756500, NULL, 4, 9),
	(3847, NULL, 'María Isabel', 'Sánchez Rodríguez', '1987-09-11', '', '677210731', '925341021', 'C/ Ancha, 35 - 2º- F', '45500', 'Torrijos', '', '', _binary 0x7472756500, NULL, 0, 4),
	(3848, NULL, 'Josefa', 'Medina García', '1957-02-17', '', '636968014', '925341021', 'Avda. Castilla La Mancha,12', '45370', 'Sta. Cruz de la Zarza', '', 'PEREGRINA 2 AÑOS', _binary 0x7472756500, NULL, 0, 2),
	(3849, NULL, 'Isabel Clara', 'García de la Rosa García', '1961-03-08', '', '647656502', '634543523', 'C/ Juan de la Cierva, 10', '45350', 'Noblejas', '', 'PEREGRINA 2 AÑOS', _binary 0x7472756500, NULL, 0, 5),
	(3850, NULL, 'Antonio', 'Bustos Molina', '1950-06-02', '', '627886194', '925161369', 'Pl. Nueva José Bono, 13, 1º P', '45350', 'Noblejas', '', '', _binary 0x7472756500, NULL, 5, 8),
	(3851, NULL, 'Emilia', 'Martín Hernández', '1956-05-05', '', '913091783', '639646316', 'C/ Alcalá ,173 - 5º - D', '28009', 'Madrid', '', '', _binary 0x7472756500, NULL, 0, 1),
	(3852, NULL, 'Isabel', 'Martín Hernández', '1959-07-31', '', '925760187', '652883676', 'C/ Manuel Benayas, 2', '45500', 'Torrijos', '', '', _binary 0x7472756500, NULL, 0, 1),
	(3853, NULL, 'Jesús León', 'García Pérez', '1949-04-22', '', '95760007', '605481879', 'C/ Labradores, 14', '45518', 'Gerindote', '', 'PEREGRINO 2 AÑO', _binary 0x7472756500, NULL, 5, 4),
	(3854, NULL, 'Victor', 'del Cerro del Cerro', '1971-09-24', '', '629320187', '925366148', 'Claudio Coello, 8', '45190', 'Nambroca', '', '', _binary 0x7472756500, NULL, 0, 32),
	(3855, NULL, 'Manuel Jesús', 'Ruíz Díaz', '1953-12-13', '', '649993897', '673239272', 'C/ Alfonso X El Sabio, 16', '45520', 'Villaluenga', '', '', _binary 0x7472756500, NULL, 0, 2),
	(3856, NULL, 'Ricardo José', 'Moreno Palencia', '1997-12-19', '', '686233515', '-1', 'Cuenca, 22', '45470', 'Los Yébenes', '', 'Peregrino: 2 años.', _binary 0x7472756500, NULL, 5, 1),
	(3857, NULL, 'Wilson', 'Nkurunziza', '1987-03-05', '', '631332641', '667969871', 'Pl. San Andrés, 3', '45002', 'Toledo', '', 'SEMINARISTA', _binary 0x7472756500, NULL, 1, 2),
	(3858, NULL, 'Alberto', 'Raboso Quevedo', '1990-09-16', '', '662013047', '677214867', 'Pl. San Andrés, 3', '45002', 'Toledo', '', 'SEMINARISTAS', _binary 0x7472756500, NULL, 0, 1),
	(3859, NULL, 'Felix Ángel', 'Rodríguez Saavedra', '1957-03-02', '', '925125346', '609987298', 'San Miguel, 35', '45370', 'Sta. Cruz de la Zarza', '', '', _binary 0x7472756500, NULL, 0, 9),
	(3860, NULL, 'Antonio Ramón', 'Garrido González', '1965-09-15', '', '619854869', '659277932', 'C/ Arenal, 55', '45950', 'Casarrubios del Monte', '', '', _binary 0x7472756500, NULL, 1, 4),
	(3861, NULL, 'Carmen Dolores', 'Lahera Álvarez', '1941-02-25', '', '619728705', '925230660', 'Avda. Río Tajo, 8, 4º Iz', '45007', 'Toledo', '', '', _binary 0x7472756500, NULL, 5, 10),
	(3862, NULL, 'Ana María', 'Navarro Sánchez', '1941-07-18', '', '925215591', '673239272', 'C/ San Miguel, 11', '45001', 'Toledo', '', '', _binary 0x7472756500, NULL, 0, 34),
	(3863, NULL, 'María Jesús', 'Gómez Rojas', '1962-06-29', '', '606859568', '673239272', 'C/ Cuatro Vientos, 2', '45260', 'Villaseca de la Sagra', '', '', _binary 0x7472756500, NULL, 4, 1),
	(3864, NULL, 'Ana', 'García Pérez', '1957-07-31', '', '649993897', '673239272', 'C/ Alfonso X el Sabio, 16', '45520', 'Villaluenga', '', '', _binary 0x7472756500, NULL, 0, 2),
	(3865, NULL, 'Ana', 'López Domínguez', '1964-05-27', '', '925386665', '673239272', 'C/ Lisboa, 39', '45100', 'Sonseca', '', '', _binary 0x7472756500, NULL, 0, 2),
	(3866, NULL, 'Mª del Pilar', 'Rubio Moreno', '1976-01-06', '', '619043724', '673239272', 'C/ Vereda de los Montes, 2', '45511', 'Huecas', '', '', _binary 0x7472756500, NULL, 0, 4),
	(3867, NULL, 'Eva', 'Díaz Díaz', '1962-03-24', '', '925278130', '673239272', 'C/ Alfares, 7', '45260', 'Villaseca de la Sagra', '', '', _binary 0x7472756500, NULL, 0, 1),
	(3868, NULL, 'Laly', 'Brasero Arroyo', '1941-08-11', '', '925802732', '669442495', 'Santa Águeda, 6, 1º J', '45600', 'Talavera de la Reina', '', 'Enferma: 1', _binary 0x7472756500, NULL, 5, 11),
	(3869, NULL, 'Mª Luisa', 'Sánchez López', '1971-01-26', '', '685989950', '669442495', 'C/ San Pedro de la Mata,14', '45100', 'Sonseca', '', '', _binary 0x7472756500, NULL, 0, 2),
	(3870, NULL, 'María', 'Garrido Robles', '1996-06-29', '', '678854417', '659277932', 'C/ Areanl, 55', '45950', 'Casarrubios del Monte', '', 'STAGE 2 AÑOS', _binary 0x7472756500, NULL, 0, 1),
	(3871, NULL, 'Mª Magdalena', 'Ramos Estrada', '1958-01-18', '', '696175956', '925125078', 'Pº de la Estación, 3-4º-B', '45200', 'Illescas', '', '', _binary 0x7472756500, NULL, 0, 3),
	(3872, NULL, 'Virginia', 'Ordúñez Cáceres', '1984-02-12', '', '678870296', '659277932', 'C/ Cruces, 15', '45660', 'Belvís de la Jara', '', 'A.T.S', _binary 0x7472756500, NULL, 0, 1),
	(3873, NULL, 'Tomás', 'López García', '1955-03-20', '', '661838184', '629515566', 'C/ Alberche, 31 Duplex 18-C', '45007', 'Toledo', '', '', _binary 0x7472756500, NULL, 0, 4),
	(3874, NULL, 'Francisco', 'Rico Tapias', '1990-01-29', '', '653126515', '686343725', 'C/ Miralvalle, 3', '45514', 'Quismondo', '', '', _binary 0x7472756500, NULL, 0, 3),
	(3875, NULL, 'Juan Leonardo', 'Pollicino Martínez', '1993-05-05', '', '696125220', '686343725', 'Pl. San Andrés, 3', '45002', 'Toledo', '', 'SEMINARISTA', _binary 0x7472756500, NULL, 0, 2),
	(3876, NULL, 'Reverien', 'Hakizimana', '1988-05-23', '', '632492515', '686343725', 'Pl. San Andrés, 1', '45002', 'Toledo', '', 'SEMINARISTA', _binary 0x7472756500, NULL, 1, 1),
	(3877, NULL, 'Caridad', 'Pérez Herrera', '1943-06-15', '', '651371490', '925393119', 'C/ Caño, 1', '45112', 'Burguillos', '', 'HOSPITALARIA CON MADRID DURANTE 4 AÑOS.', _binary 0x7472756500, NULL, 0, 6),
	(3878, NULL, 'Mónica', 'Vega Lázaro', '1998-07-20', '', '664691183', '925393119', 'C/ Virgen Chica, 9 - 5º A', '45006', 'Toledo', '', '', _binary 0x7472756500, NULL, 0, 1),
	(3879, NULL, 'Jhon Alejandro', 'Márquez Cardona', '1996-03-04', '', '666225808', '925314042', 'Pl. San Andrés, 3', '45002', 'Toledo', '', 'SEMINARISTA', _binary 0x7472756500, NULL, 5, 2),
	(3880, NULL, 'María del Carmen', 'Rodríguez de Paz', '1957-07-28', '', '918172735', '637324341', 'C/ La Estrella, 18', '45950', 'Casarrubios del Monte', '', 'ATS', _binary 0x7472756500, NULL, 0, 2),
	(3881, NULL, 'María Ángeles', 'Sanz Sánchez', '1949-06-17', '', '696549912', '925430494', 'C/ Mayor, 16', '45687', 'Alcañizo', '', '', _binary 0x7472756500, NULL, 0, 5),
	(3882, NULL, 'María Paz', 'Agudo López', '1925-03-12', '', '655093081', '-1', 'c/ Gral. Valera, 26', '45180', 'Camarena', '', '', _binary 0x7472756500, NULL, 5, 1),
	(3883, NULL, 'Ana María', 'Bañares Maravillas', '1938-02-12', '', '918144313', '669279115', 'C/ Rio Ebro, 2', '45180', 'Camarena', '', '', _binary 0x7472756500, NULL, 3, 1),
	(3884, NULL, 'Carmen', 'Navamuel Rojo', '1975-12-14', '', '653046470', '925314042', 'Ctra. Toledo-Mora, 53', '45420', 'Almonacid', '', '', _binary 0x7472756500, NULL, 5, 19),
	(3885, NULL, 'Pilar', 'Serrano Martín', '1931-10-13', '', '925224234', '-1', 'C/ Corchete, 6', '45002', 'Toledo', '', '', _binary 0x7472756500, NULL, 0, 1),
	(3886, NULL, 'Alicia', 'Leyva Orozco', '1964-07-11', '', '925771257', '-1', 'C/ Ntra. Sra. Rosario, 26', '45500', 'Torrijos', '', '', _binary 0x7472756500, NULL, 0, 1),
	(3887, NULL, 'Tomás', 'Palencia de la Cruz', '1930-01-01', '', '666666666', '628309841', 'NO SE SABE', '45000', 'Los Yébenes', '', 'FALTA LA FICHA PARA RELLENAR ESTOS DATOS.', _binary 0x7472756500, NULL, 0, 1),
	(3888, NULL, 'María Diamantina', 'Alconada Morón', '1969-08-28', '', '925228242', '626765119', 'Rda.Buenavista, 35, P.1-4ºB', '45005', 'Toledo', '', 'Peregrina 3 años.', _binary 0x7472756500, NULL, 5, 28),
	(3889, NULL, 'Montserrat', 'Almendros Pedroche', '1967-04-30', '', '925214566', '639004566', 'R.Buenavista,16, P.6 E.Iz 3ºB', '45005', 'Toledo', '', 'Peregrina 1 año.', _binary 0x7472756500, NULL, 5, 6),
	(3890, NULL, 'Juliana', 'Álvarez de Lara Guerrero', '1940-10-26', '', '926558245', '639004566', 'C/ Cervantes, 30', '45730', 'Villafranca de los Caballeros', '', 'Peregrina 1 año.', _binary 0x7472756500, NULL, 5, 23),
	(3891, NULL, 'María Luz', 'Arellano Martín', '1946-05-16', '', '925551460', '686047199', 'C/ Yuncos, 4', '45291', 'Cobeja', '', '', _binary 0x7472756500, NULL, 3, 12),
	(3892, NULL, 'Isabel', 'Calderón del Cerro', '1949-09-20', '', '925230262', '646473195', 'C/ Cascajoso, 9 - 3º C', '45007', 'Toledo', '', '', _binary 0x7472756500, NULL, 5, 32),
	(3893, NULL, 'Aurelina', 'Calvo Díaz', '1950-09-09', '', '925360175', '627022721', 'C/ Barrio Abajo, 37', '45270', 'Mocejón', '', 'Peregrina 1 año.', _binary 0x7472756500, NULL, 0, 16),
	(3894, NULL, 'Paula', 'Carrillo Humanes', '1952-03-24', '', '925355084', '627022721', 'Pl. de la Iglesia, 11', '45592', 'Cabañas de la Sagra', '', 'Peregrina 3 años.', _binary 0x7472756500, NULL, 2, 18),
	(3895, NULL, 'Gema', 'Crespo Martínez', '1970-03-30', '', '925506093', '622380502', 'C/ Manuel Escribano, 38', '45250', 'Añover de Tajo', '', 'Peregrina 2 años.', _binary 0x7472756500, NULL, 0, 6),
	(3896, NULL, 'Estrella', 'de la Rosa Ruíz', '1964-12-27', '', '925745362', '622380502', 'C/ Rio Tajo, 7', '45516', 'La Puebla de Montalbán', '', '1 AÑO DE PEREGRINA (2016).', _binary 0x7472756500, NULL, 1, 11),
	(3897, NULL, 'María Dolores', 'del Castillo Peinado', '1946-09-19', '', '925760324', '646093878', 'Avda. Constitución, 7', '45514', 'Quismondo', '', '', _binary 0x7472756500, NULL, 1, 25),
	(3898, NULL, 'Juliana', 'Díaz Mariblanca', '1973-12-18', '', '926558461', '616736056', 'C/ Tahona, 24', '45730', 'Villafranca de los Caballeros', '', 'Peregrina 2 años.', _binary 0x7472756500, NULL, 0, 8),
	(3899, NULL, 'María del Rosario', 'Diego Arriero', '1957-08-24', '', '925210843', '646773471', 'Rda.Buenavista, 30 - B.1-2º D', '45005', 'Toledo', '', '', _binary 0x7472756500, NULL, 5, 27),
	(3900, NULL, 'María Teresa', 'Fernández García', '1959-09-22', '', '925300526', '609266064', 'Ctra. Toledo, Km. 29', '45400', 'Mora', '', 'Peregrina 1 año.', _binary 0x7472756500, NULL, 1, 19),
	(3901, NULL, 'Beatriz', 'Fernández-Clemente Martínez', '1948-03-14', '', '925252649', '679650848', 'C/ Cáceres, 6 - 4º D', '45005', 'Toledo', '', '', _binary 0x7472756500, NULL, 5, 9),
	(3902, NULL, 'María Isabel', 'García Álvarez', '1974-01-01', '', '925790314', '617572275', 'C/ Rio Tajo, 5', '45514', 'Quismondo', '', '', _binary 0x7472756500, NULL, 5, 9),
	(3903, NULL, 'María Begoña', 'García Sánchez', '1949-04-14', '', '925506108', '647474652', 'Avda. de Madrid, 9', '45250', 'Añover de Tajo', '', 'Peregrina 1 año.', _binary 0x7472756500, NULL, 1, 43),
	(3904, NULL, 'María Adela', 'García-Mochales Guzmán', '1948-05-29', '', '925120718', '636756046', 'C/ Mayor, 1', '45300', 'Ocaña', '', '', _binary 0x7472756500, NULL, 0, 29),
	(3905, NULL, 'María Luisa', 'Garrido Granados', '1944-04-06', '', '925221859', '647546991', 'C/ Canarias, 1 - 3º D', '45005', 'Toledo', '', '', _binary 0x7472756500, NULL, 5, 23),
	(3906, NULL, 'Carmen', 'Garzón López', '1956-06-22', '', '925376156', '678339241', 'C/ Picos de Europa, 6', '45122', 'Argés', '', '', _binary 0x7472756500, NULL, 7, 12),
	(3907, NULL, 'María Dolores', 'Gil Herrera', '1900-01-01', '', '626839018', '678339241', 'Rda. del Canillo. 25 - 3ºD', '45600', 'Talavera de la Reina', '', '', _binary 0x7472756500, NULL, 5, 6),
	(3908, NULL, 'María Rosa', 'González Gil', '1961-04-10', '', '925810610', '696240004', 'Padre Juan de Mariana, 2-5ºD', '45600', 'Talavera de la Reina', '', 'Peregrina 1 años.', _binary 0x7472756500, NULL, 0, 15),
	(3909, NULL, 'Porfiria', 'Guzmán Fernández', '1948-08-18', '', '618282758', '696240004', 'Pl. de las Eras, 1', '45216', 'Carranque', '', '', _binary 0x7472756500, NULL, 0, 17),
	(3910, NULL, 'Isabel', 'Hernández Blázquez', '1966-05-20', '', '912601168', '620659891', 'C/ José Escobar y Saliente, 53 - 3º C', '28052', 'Madrid', '', '', _binary 0x7472756500, NULL, 1, 25),
	(3911, NULL, 'María del Consuelo', 'Hernández Pardo', '1951-02-14', '', '925804514', '645821387', 'C/Ramón Cajal,49-S. Espinillo', '45638', 'Pepino', '', '', _binary 0x7472756500, NULL, 1, 24),
	(3912, NULL, 'María del Carmen', 'Jerez Perpiñán', '1934-08-22', '', '918950922', '645821387', 'Pl. Conde 5 (Col S. José)', '28340', 'Valdemoro', '', '', _binary 0x7472756500, NULL, 5, 29),
	(3913, NULL, 'Encarnación', 'Jiménez Merino', '1953-01-03', '', '925814343', '645821387', 'Avda. Constitución, 7 - 7º A', '45600', 'Talavera de la Reina', '', 'Peregrina 1 año.', _binary 0x7472756500, NULL, 5, 15),
	(3914, NULL, 'María del Prado', 'Lariño Hernández', '1954-01-29', '', '925815810', '636023485', 'C/ Olivares, 35 - 1º C', '45600', 'Talavera de la Reina', '', 'Peregrina 1 año.', _binary 0x7472756500, NULL, 5, 14),
	(3915, NULL, 'María', 'López García', '1940-08-03', '', '925300331', '636023485', 'Ronda de Prim, 30', '45400', 'Mora', '', '', _binary 0x7472756500, NULL, 0, 6),
	(3916, NULL, 'Gema', 'López Gómez', '1967-07-19', '', '925253989', '629388542', 'R.Buenavista,31 P.2 - 4ºC', '45005', 'Toledo', '', '', _binary 0x7472756500, NULL, 0, 19),
	(3917, NULL, 'Juana', 'López Gómez', '1943-11-15', '', '925730390', '630075263', 'C/ De la Iglesía, 10', '45512', 'Portillo', '', '', _binary 0x7472756500, NULL, 0, 32),
	(3918, NULL, 'María del Rosario', 'López Mendoza', '1960-09-11', '', '925152162', '676344949', 'C/ La Loma, 36', '45310', 'Villatobas', '', '', _binary 0x7472756500, NULL, 0, 5),
	(3919, NULL, 'María del Carmen', 'Ludeña Robledo', '1961-05-22', '', '925212929', '635458214', 'Callejón de la Bastida, 10', '45004', 'Toledo', '', 'Tiene muchas más peregrinaciones. Verificar.', _binary 0x7472756500, NULL, 5, 9),
	(3920, NULL, 'María Luisa', 'Madrid Díaz', '1950-08-16', '', '925813115', '610975315', 'C/ Huerto S. Agustín, 6', '45600', 'Talavera de la Reina', '', '', _binary 0x7472756500, NULL, 0, 11),
	(3921, NULL, 'Elvira', 'Maqueda Mendoza', '1976-05-20', '', '687769420', '610975315', 'Pl. Norte, 4', '45850', 'Villa de don Fadrique', '', '', _binary 0x7472756500, NULL, 0, 7),
	(3922, NULL, 'Isabel', 'Mariscal Francisco', '1951-10-02', '', '918174039', '666679324', 'C/ Real, 14', '45180', 'Camarena', '', 'Peregrina 1 año.', _binary 0x7472756500, NULL, 0, 25),
	(3923, NULL, 'María Sonsoles', 'Martín Martín', '1938-02-19', '', '925278213', '666679324', 'C/ San Bernardo, 14', '45260', 'Villaseca de la Sagra', '', 'Peregrina 1 año.', _binary 0x7472756500, NULL, 0, 27),
	(3924, NULL, 'Melisa', 'Martín Trujillo', '1981-06-23', '', '665055967', '666679324', 'C/ Paz, 8', '10529', 'Majadas', '', '', _binary 0x7472756500, NULL, 0, 5),
	(3925, NULL, 'María Soledad', 'Martínez Magdalena', '1950-09-03', '', '616180217', '666679324', 'Avda. Constitución,8 5º A', '45600', 'Talavera de la Reina', '', 'Peregrina 1 año.', _binary 0x7472756500, NULL, 0, 10),
	(3926, NULL, 'Ana María', 'Martínez Miranda', '1972-01-03', '', '918171018', '670330578', 'C/ Alcarías, 37', '45940', 'Valmojado', '', 'Peregrina 1 año.', _binary 0x7472756500, NULL, 0, 8),
	(3927, NULL, 'Juliana', 'Mena de la Cruz', '1938-02-16', '', '925750019', '670330578', 'C/ Aduana, 5', '45516', 'La Puebla de Montalbán', '', '', _binary 0x7472756500, NULL, 0, 22),
	(3928, NULL, 'María Paloma', 'Mena Matute', '1961-12-21', '', '925745065', '635502956', 'C/ Oriente, 5', '45516', 'La Puebla de Montalbán', '', '', _binary 0x7472756500, NULL, 0, 16),
	(3929, NULL, 'María Inés', 'Molina Molina', '1959-09-21', '', '925813289', '600864653', 'C/ Miguel Ángel, 9 - 7º A', '45600', 'Talavera de la Reina', '', '', _binary 0x7472756500, NULL, 0, 25),
	(3930, NULL, 'María Asunción', 'Mora Collado', '1957-05-11', '', '925054111', '642193929', 'C/ Cererías, 36 - 3 H', '45600', 'Talavera de la Reina', '', '', _binary 0x7472756500, NULL, 0, 5),
	(3931, NULL, 'María Eugenia', 'Moreno López', '1658-07-09', '', '925214507', '680573614', 'Rda.Buenavista,10 P.1-5º 2', '45005', 'Toledo', '', '', _binary 0x7472756500, NULL, 1, 40),
	(3932, NULL, 'Felisa', 'Muñoz García', '1946-03-29', '', '652434788', '680573614', 'Avda. de la Jara, 29', '45670', 'Nava de Ricomalillo', '', 'Verificar número de móvil. Le falta un dígito.', _binary 0x7472756500, NULL, 0, 16),
	(3933, NULL, 'Julia', 'Oliver Mariblanca', '1950-08-03', '', '926578291', '677218747', 'C/ Toledo, 16', '45730', 'Villafranca de los Caballeros', '', '', _binary 0x7472756500, NULL, 0, 34),
	(3934, NULL, 'Ángela', 'Olmedo Valcarcel', '1958-03-01', '', '696439534', '677218747', 'Valle de Bergantinos, 9 - 2º B', '28039', 'Madrid', '', '', _binary 0x7472756500, NULL, 5, 23),
	(3935, NULL, 'María Isabel', 'Ortega Ortega', '1948-05-05', '', '925251204', '630481439', 'C/ Becquer, 8 , 3º', '45001', 'Toledo', '', 'Peregrina 2 años.', _binary 0x7472756500, NULL, 0, 20),
	(3936, NULL, 'Sagrario', 'Peces Mesa', '1900-01-01', '', '922646442', '695647856', 'C/ Francisco Ramos, 39', '38320', 'La Cuesta (Tenerife)', '', 'Peregrina 2 años.', _binary 0x7472756500, NULL, 0, 16),
	(3937, NULL, 'María Esther', 'Peño Bonilla', '1949-04-07', '', '925827321', '627029509', 'Pl. Goya, 1 - 2º A', '45600', 'Talavera de la Reina', '', '', _binary 0x7472756500, NULL, 0, 23),
	(3938, NULL, 'María Cruz', 'Pérez del Cerro', '1953-05-03', '', '925211059', '619910503', 'C/ Burdeos, 2 - 1º B', '45005', 'Toledo', '', '', _binary 0x7472756500, NULL, 0, 35),
	(3939, NULL, 'María del Carmen', 'Pérez Elvira', '1942-01-31', '', '925815476', '618813397', 'C/ San Vicente, 10 - 1º D', '45600', 'Talavera de la Reina', '', 'Hospitalaria 4 años con Madrid', _binary 0x7472756500, NULL, 7, 40),
	(3940, NULL, 'Agustina', 'Pérez Oporto', '1955-11-05', '', '925513381', '686954541', 'C/ Salvador Dalí, 31', '45200', 'Illescas', '', '', _binary 0x7472756500, NULL, 0, 6),
	(3941, NULL, 'María del Pilar', 'Pérez Peris', '1954-10-12', '', '925817577', '651883935', 'C/ Miguel Ángel, 9 - 7º D', '45600', 'Talavera de la Reina', '', '', _binary 0x7472756500, NULL, 0, 21),
	(3942, NULL, 'María del Pilar', 'Plaza Díaz', '1951-04-23', '', '925278076', '607665244', 'C/ Virgen de las Angustias, 5', '45260', 'Villaseca de la Sagra', '', 'Peregrina 5 años.', _binary 0x7472756500, NULL, 0, 3),
	(3943, NULL, 'Magdalena', 'Revilla Díaz', '1967-03-12', '', '925278140', '637578585', 'C/ Ancha, 25', '45260', 'Villaseca de la Sagra', '', '', _binary 0x7472756500, NULL, 0, 6),
	(3944, NULL, 'María Paloma', 'Robles Collado', '1950-03-08', '', '925762828', '637578585', 'Avda. del Pilar, 14 - 4º C', '45500', 'Torrijos', '', 'Peregrina 2 años.', _binary 0x7472756500, NULL, 0, 25),
	(3945, NULL, 'Inmaculada', 'Rodríguez Chuvieco', '1994-10-12', '', '687192756', '637578585', 'Avda. Mª Antonio Castillo, s/n', '45514', 'Quismondo', '', '', _binary 0x7472756500, NULL, 0, 3),
	(3946, NULL, 'María José', 'Rodríguez Rodríguez', '1944-03-19', '', '628670663', '637578585', 'C/ Barrionuevo, 2 - 3º Dcha', '45400', 'Mora', '', 'Enferma 1 año.', _binary 0x7472756500, NULL, 0, 21),
	(3947, NULL, 'Sagrario', 'Rojo Barroso', '1954-06-28', '', '925401108', '637578585', 'C/ Calvo Sotelo, 11', '45164', 'Gálvez', '', 'Peregrina 1 año.', _binary 0x7472756500, NULL, 0, 28),
	(3948, NULL, 'Alicia', 'Sánchez Balmaseda', '1969-11-01', '', '925366148', '678478082', 'C/ Clauido Coello, 8', '45190', 'Nambroca', '', 'Peregrina 5 años.', _binary 0x7472756500, NULL, 0, 24),
	(3949, NULL, 'Rocio', 'Sánchez González', '1962-07-28', '', '925225504', '654098265', 'Avda. del Tejón, 40', '45005', 'Toledo', '', 'Peregrina 1 año.', _binary 0x7472756500, NULL, 0, 6),
	(3950, NULL, 'María Cristina', 'Sánchez Ordúñez', '1952-07-17', '', '925828857', '609129701', 'Pº de las Magnolias, 55', '45600', 'Talavera de la Reina', '', 'Peregrina 2 años.', _binary 0x7472756500, NULL, 0, 24),
	(3951, NULL, 'Maria Cruz', 'Serrano Álvarez', '1949-09-14', '', '925817021', '666515964', 'C/ Miguel Ángel, 3 - 7º F', '45600', 'Talavera de la Reina', '', '', _binary 0x7472756500, NULL, 0, 18),
	(3952, NULL, 'Estrella', 'Serrano García', '1954-11-12', '', '669639131', '666515964', 'Cañada de Magan, 45', '45280', 'Olías del Rey', '', 'Peregrina 1 año.', _binary 0x7472756500, NULL, 0, 42),
	(3953, NULL, 'Araceli', 'Viejo García', '1947-12-02', '', '925804854', '606142167', 'Avda. Juan Carlos I, 2- 5ºA', '45600', 'Talavera de la Reina', '', 'Peregrina 1 año.', _binary 0x7472756500, NULL, 0, 25),
	(3954, NULL, 'Milagros', 'Zamorano Yuste', '1949-06-11', '', '925462160', '606142167', 'C/ Argentina, 24', '45710', 'Madridejos', '', 'Peregrina 2 años.', _binary 0x7472756500, NULL, 0, 18),
	(3955, NULL, 'Amalia', 'Sierra Sánchez', '1958-01-23', '', '650778632', '660759459', 'C/ Arroyuelo, 23', '6692', 'Helechosa de los Montes', '', 'MEDICO', _binary 0x7472756500, NULL, 0, 2),
	(3956, NULL, 'Estrella', 'del Cerro Díaz', '1942-04-29', '', '925225136', '627777261', 'Avda. Portugal, 1 B.E -2ºA', '45005', 'Toledo', '', '', _binary 0x7472756500, NULL, 0, 35),
	(3957, NULL, 'Julio', 'Arellano García', '1935-02-22', '', '925259373', '687981274', 'Residencial Social S. José', '45008', 'Toledo', '', '', _binary 0x7472756500, NULL, 1, 1),
	(3958, NULL, 'Rosa Ángeles', 'Alcalá Mancebo', '1928-08-02', '', '699401366', '-1', 'Residencia Social S: José', '45008', 'Toledo', '', '', _binary 0x7472756500, NULL, 1, 1),
	(3959, NULL, 'Pilar', 'Añonuevo Aparicio', '1948-09-03', '', '925259375', '-1', 'Residencia Social S. José', '45008', 'Toledo', '', '', _binary 0x7472756500, NULL, 5, 1),
	(3960, NULL, 'Leonarda Angelita', 'Moreno Ardura', '1921-11-06', '', '661310231', '646008367', 'Residencia Social S. José', '45008', 'Toledo', '', '', _binary 0x7472756500, NULL, 0, 3),
	(3961, NULL, 'Araceli', 'García Rubio', '1962-03-08', '', '925259375', '-1', 'Residencia Social S. José', '45008', 'Toledo', '', '', _binary 0x7472756500, NULL, 0, 5),
	(3962, NULL, 'Ramona', 'Ramos Valiente', '1935-05-11', '', '925259375', '-1', 'Residencial Social S. José', '45008', 'Toledo', '', '', _binary 0x7472756500, NULL, 0, 10),
	(3963, NULL, 'Justina', 'Moreno Paniagua', '1929-12-29', '', '620216063', '925222318', 'Residencia Social S: José', '45008', 'Toledo', '', '', _binary 0x7472756500, NULL, 0, 2),
	(3964, NULL, 'Julián', 'Beltrán López', '1944-02-07', '', '925259375', '-1', 'Residencia Social S. José', '45008', 'Toledo', '', '', _binary 0x7472756500, NULL, 3, 2),
	(3965, NULL, 'Mª Antonia', 'Moreno Paniagua', '1932-04-24', '', '620216063', '925222318', 'Residencial Social S. José', '45008', 'Toledo', '', '', _binary 0x7472756500, NULL, 1, 0),
	(3966, NULL, 'Librada', 'Burgos García', '1960-04-12', '', '619344178', '-1', 'C/ Adrián Rodriguez , 6', '45518', 'Gerindote', '', '', _binary 0x7472756500, NULL, 1, 2),
	(3967, NULL, 'Fe', 'González Testillano', '1941-04-17', '', '647889253', '660759459', 'C/ Real. 55', '45900', 'Almorox', '', '', _binary 0x7472756500, NULL, 5, 3),
	(3968, NULL, 'María', 'Camisón Panadero', '1936-10-19', '', '925106695', '-1', 'C/ Uruguay, 4 - 1º', '45004', 'Toledo', '', 'VARIAS VECES DE PEREGRINA', _binary 0x7472756500, NULL, 1, 1),
	(3969, NULL, 'Milagros', 'Camisón Panadero', '1939-06-20', '', '925106695', '-1', 'C/ Uruguay, 4 - 1º', '45004', 'Toledo', '', 'VARIAS VECES DE PEREGRINA.', _binary 0x7472756500, NULL, 4, 1),
	(3970, NULL, 'Andrea', 'Huertas Fernández', '1938-04-28', '', '925278535', '645821387', 'C/ Faisanes, 259 - Las Nieves', '45191', 'Nambroca', '', 'Peregrina 1 año.', _binary 0x7472756500, NULL, 0, 28),
	(3971, NULL, 'María', 'López Pancho', '1936-09-06', '', '622750557', '-1', 'Avda. Pio XII, 51 - 3º B', '45600', 'Talavera de la Reina', '', '', _binary 0x7472756500, NULL, 0, 1),
	(3972, NULL, 'Mamerto', 'Maqueda Tello', '1953-08-01', '', '657986644', '-1', 'Pl. del Norte, 4', '45850', 'La Villa de Don Fadrique', '', '', _binary 0x7472756500, NULL, 0, 3),
	(3973, NULL, 'Mª Jesús', 'Del Cerro del Cerro', '1970-05-27', '', '925278405', '-1', 'C/ Toledo, 54', '45260', 'Villaseca de la Sagra', '', 'VARIAS VECES CON MADRID.', _binary 0x7472756500, NULL, 0, 23),
	(3974, NULL, 'Helena', 'Montoro Zamorano', '1995-01-11', '', '925120387', '665981753', 'C/ Chamorro, 13', '45300', 'Ocaña', '', 'Peregrina 5 años.', _binary 0x7472756500, NULL, 0, 3),
	(3975, NULL, 'Eugenio', 'Rodríguez Arellano', '1937-04-29', '', '925533066', '682261486', 'Doctor Regulez, 8', '45217', 'Ugena', '', '', _binary 0x7472756500, NULL, 0, 47),
	(3976, NULL, 'Mª Victoria', 'Sánchez Conde', '1952-03-31', '', '692956139', '925555033', 'C/ Toledo, 43', '45250', 'Añover de Tajo', '', '', _binary 0x7472756500, NULL, 0, 1),
	(3977, NULL, 'Clementina', 'Morales Martínez', '1900-01-01', '', '666666666', '-1', 'Aún no la sabemos', '45250', 'Añover de Tajo', '', '', _binary 0x7472756500, NULL, 0, 2),
	(3978, NULL, 'Tolasa', 'de la Rosa González', '1934-03-14', '', '636923751', '925751158', 'C/ S. Roque, 5', '45516', 'La Puebla de Montalbán', '', '', _binary 0x7472756500, NULL, 0, 1),
	(3979, NULL, 'Manuela', 'Robledo Sánchez', '1932-10-09', '', '925222676', '-1', 'C/ Bastida, 10', '45004', 'Toledo', '', '', _binary 0x7472756500, NULL, 0, 8),
	(3980, NULL, 'Esther ', 'Coca Bertua', '1963-02-06', '', '611354302', '699396454', ' Av.Estudiantes, P.18-4º', '13300', 'Valdepeñas', '', '', _binary 0x7472756500, NULL, 1, 1),
	(3981, NULL, 'María Caridad', 'Conde Alonso', '1950-07-10', '', '918167034', '676040414', 'C/ Mediodía, 3', '28978', 'Casarrubuelos', '', 'Peregrina 3 años.Enferma: 2016.', _binary 0x7472756500, NULL, 2, 19),
	(3982, NULL, 'Angelines', 'Becerro Rodríguez', '1965-01-22', '', '925228757', '676040414', 'C/ Higueras, 2', '45005', 'Toledo', '', '', _binary 0x7472756500, NULL, 3, 16),
	(3983, NULL, 'Pablo', 'Nieto Alconada', '2002-10-27', '', '620321726', '639451553', 'Rda. Buenavista, 35, P.1 - 4º B', '45005', 'Toledo', '', 'NIÑO.4 AÑOS DE PEREGRINO.', _binary 0x7472756500, NULL, 0, 3),
	(3984, NULL, 'Pablo', 'del Cerro Sánchez', '2002-12-20', '', '678478082', '629320187', 'C/ Claudio Coello, 8', '45190', 'Nambroca', '', 'NIÑO.14 AÑOS DE PEREGRINO.', _binary 0x7472756500, NULL, 0, 3),
	(3985, NULL, 'Sara', 'Ocaña Gopino', '2002-09-13', '', '629837165', '651932164', 'C/ Torrelaguna, 13', '28950', 'Moraleja de Enmedio', '', 'NIÑA.SOBRINA DE JOSE ANTONIO LÓPEZ.', _binary 0x7472756500, NULL, 0, 2),
	(3986, NULL, 'Judith', 'Herrera López', '2005-07-27', '', '617010989', '649704657', 'C/ Méntrida, 16', '45940', 'Valmojado', '', 'NIÑA.SOBRINA DE JUANAN Y ANA.', _binary 0x7472756500, NULL, 0, 3),
	(3987, NULL, 'Eduardo', 'Tojero Castro', '2004-12-12', '', '617970313', '925491972', 'Ctra. de Mocejón, 15', '45280', 'Olías del Rey', '', 'NIÑO.1 AÑO DE PEREGRINO.', _binary 0x7472756500, NULL, 0, 2),
	(3988, NULL, 'Paula', 'Tojero Castro', '2007-08-23', '', '617970313', '925491972', 'Ctra. de Mocejón, 15', '45280', 'Olías del Rey', '', 'NIÑA.1 AÑO DE PEREGRINA.', _binary 0x7472756500, NULL, 0, 3),
	(3989, NULL, 'Natalia', 'Yubero Sánchez de Rivera', '2004-10-13', '', '626620322', '-1', 'Avda. Estación, 121', '45500', 'Torrijos', '', 'NIÑA. AÑOS? DE PEREGRINA.', _binary 0x7472756500, NULL, 0, 2),
	(3990, NULL, 'Iker', 'Martínez Becerro', '2004-02-12', '', '659264956', '-1', 'C/ Higuera, 2', '45006', 'Toledo', '', 'NIÑO.AÑOS? PEREGRINO.', _binary 0x7472756500, NULL, 0, 3),
	(3991, NULL, 'Pablo', 'Agenjo Fuentes', '2006-02-05', '', '607449314', '-1', 'C/ Cáceres, 6 - 2º A', '45005', 'Toledo', '', 'NIÑO.AÑOS? PEREGRINO.', _binary 0x7472756500, NULL, 5, 3),
	(3992, NULL, 'Emilio', 'Martín-Peralta Rojas', '1951-01-30', '', '676526266', '-1', 'Escuelas, 9', '45100', 'Sonseca', '', '', _binary 0x7472756500, NULL, 0, 1),
	(3993, NULL, 'Ana Elia', 'Sánchez de Martín-Peralta', '1968-06-17', '', '606941174', '-1', 'C/ Escuelas, 9', '45100', 'Sonseca', '', '', _binary 0x7472756500, NULL, 0, 1),
	(3994, NULL, 'Demetrio', 'Ávila Dorado', '1944-12-22', '', '925345009', '628219973', 'C/ Nueva, 1', '45440', 'Villaminaya', '', 'PEREGRINO: DURANTE MUCHOS AÑOS.', _binary 0x7472756500, NULL, 3, 3),
	(3995, NULL, 'Rosario', 'Saavedra García-Ochoa', '1949-11-26', '', '628219973', '-1', 'C/ Nueva, 1', '45440', 'Villaminaya', '', 'VERIFICAR NÚMERO DE PEREGRINACIONES COMO HOSPITALARIA.MUCHOS AÑOS DE PEREGRINA.', _binary 0x7472756500, NULL, 0, 6),
	(3996, NULL, 'Cruz', 'Sánchez Alonso', '1975-04-05', '', '646407457', '-1', 'C/ San Juan Bosco, 2', '45940', 'Valmojado', '', '', _binary 0x7472756500, NULL, 0, 5),
	(3997, NULL, 'Ángela', 'Juarez Uceda', '1960-10-19', '', '916115415', '-1', 'C/ Retablo, 1 - 4º D', '28921', 'Alcorcón', '', '', _binary 0x7472756500, NULL, 4, 3),
	(3998, NULL, 'Isabel', 'Torres Pérez', '1950-01-07', '', '925750875', '-1', 'C/ Las Monjas, 4', '45516', 'La Puebla de Montalbán', '', '', _binary 0x7472756500, NULL, 0, 34),
	(3999, NULL, 'María del Pilar', 'Torrejón Escalona', '1965-10-09', '', '918950760', '605169405', 'C/ De las Vacas, 11', '28340', 'Valdemoro', '', 'Peregrina 1 año.', _binary 0x7472756500, NULL, 0, 9),
	(4000, NULL, 'Celia', 'García Cervantes', '2010-05-07', '', '661609838', '-1', 'C/ Córdoba, 11', '45400', 'Mora', '', '', _binary 0x7472756500, NULL, 1, 1),
	(4001, NULL, 'Andrés', 'García Cervantes', '2004-11-12', '', '661609888', '-1', 'C/ Córdoba, 11', '45400', 'Mora', '', 'VARIOS AÑOS DE PEREGRINO.', _binary 0x7472756500, NULL, 4, 1),
	(4002, NULL, 'José David', 'Rescalvo Tébar', '1979-04-11', '', '656184880', '645790743', 'C/ Cervantes, 25', '45730', 'Villafranca de los Caballeros', '', '', _binary 0x7472756500, NULL, 0, 3),
	(4003, NULL, 'Natalia', 'Ortega Abanades', '1943-08-01', '', '670324608', '-1', 'C/ Gregorio Sánchez de Rivera', '45500', 'Torrijos', '', '', _binary 0x7472756500, NULL, 0, 2),
	(4004, NULL, 'Victor', 'Martín Martín-Tereso', '1900-01-01', '', '925381043', '-1', 'C/ Toledo, 26', '45100', 'Sonseca', '', '', _binary 0x7472756500, NULL, 0, 1),
	(4005, NULL, 'Ramón', 'Sánchez-Alarcos Díaz', '1982-08-06', '', '680316332', '-1', 'C/ La Estrella, s/n Centro Parroquial', '45313', 'Yepes', '', '', _binary 0x7472756500, NULL, 0, 2),
	(4006, NULL, 'López Miranda', 'Mª del Carmen', '1900-01-01', '', '647860406', '-1', 'SIN CALLE', '45570', 'Puente del Arzobispo', '', '', _binary 0x7472756500, NULL, 5, 0),
	(4007, NULL, 'Mª Lourdes', 'Díaz del Rio', '1963-02-26', '', '646458347', '-1', 'Avda. del Pilar, 7,2º A', '45500', 'Torrijos', '', '', _binary 0x7472756500, NULL, 1, 3),
	(4008, NULL, 'Silvia', 'Romero Morilla', '1963-04-17', '', '616364295', '-1', 'C/ Santa Cecilia, 4 - 2º 8', '14011', 'Córdoba', '', '', _binary 0x7472756500, NULL, 0, 3),
	(4009, NULL, 'Carmen', 'Guerrero Gallego', '1938-02-07', '', '658903653', '-1', 'C/ Herencia, 16', '45730', 'Villafranca de los Caballeros', '', '', _binary 0x7472756500, NULL, 7, 2),
	(4010, NULL, 'Tomasa', 'González Domínguez', '1936-06-16', '', '925381024', '666884736', 'C/ Malpica, 6', '45100', 'Sonseca', '', '', _binary 0x7472756500, NULL, 0, 1),
	(4011, NULL, 'Ángeles', 'Atahonero Iglesias', '1968-11-05', '', '657533134', '685363417', 'C/ Jaén, 4', '45100', 'Sonseca', '', '', _binary 0x7472756500, NULL, 3, 1),
	(4012, NULL, 'José Antonio', 'Rojas del Castillo', '1950-06-13', '', '925380951', '610253149', 'C/ Ramón y Cajal, 62', '45100', 'Sonseca', '', '', _binary 0x7472756500, NULL, 0, 1),
	(4013, NULL, 'Concepción', 'Cencerrado Rodríguez', '1968-05-07', '', '687814005', '670711976', 'C/ Poeta Manuel Machado, 23 - 1ºA', '45007', 'Toledo', '', '', _binary 0x7472756500, NULL, 4, 2),
	(4014, NULL, 'Pilar', 'García Peces', '1944-11-08', '', '925383581', '600088658', 'C/ Triana, 19', '45100', 'Sonseca', '', '', _binary 0x7472756500, NULL, 0, 1),
	(4015, NULL, 'Carmen', 'Guzmán Rodríguez', '1949-06-01', '', '691721474', '608759819', 'C/ Madre de Dios, 16', '45100', 'Sonseca', '', '', _binary 0x7472756500, NULL, 5, 1),
	(4016, NULL, 'Antonio', 'Plaza Martín', '1938-12-27', '', '650480039', '-1', 'Pl. Holanda, 3 - 1º E', '45005', 'Toledo', '', '', _binary 0x7472756500, NULL, 0, 16),
	(4017, NULL, 'Eusebia', 'Rodríguez García', '1922-10-29', '', '691721474', '-1', 'C/ Madre de Dios, 16', '45100', 'Sonseca', '', '', _binary 0x7472756500, NULL, 0, 1),
	(4018, NULL, 'María del Prado', 'Díaz Ballesteros', '1957-07-30', '', '914073954', '656971576', 'Pl. Orotava, 7 - 5º P. 1', '28017', 'Madrid', '', 'Peregrina 1 año.', _binary 0x7472756500, NULL, 1, 18),
	(4019, NULL, 'Victor', 'Sánchez Trimiño', '1975-01-22', '', '626195595', '925718039', 'C/ Miguel Ángel, 11 , 6º C', '45600', 'Talavera de la Reina', '', '', _binary 0x7472756500, NULL, 0, 1),
	(4020, NULL, 'Mª Lourdes', 'Sánchez Alonso', '1973-05-16', '', '647541608', '670490428', 'C/ Cristobal Colón, 22', '45940', 'Valmojado', '', '', _binary 0x7472756500, NULL, 0, 3),
	(4021, NULL, 'Rosario', 'Nieto-Márquez Sánchez-Migallón', '1971-10-07', '', '697973032', '652116662', 'C/ Leonor de Aquitania, 67', '45190', 'Nambroca', '', '', _binary 0x7472756500, NULL, 0, 3),
	(4022, NULL, 'Heli', 'Serrano de la Guía', '1957-05-14', '', '638937208', '925181731', 'C/ Desiderio Guzmán, 11', '45800', 'Quintanar de la Orden', '', '13 AÑOS DE PEREGRINA.', _binary 0x7472756500, NULL, 0, 3),
	(4023, NULL, 'Natalia', 'García Álvarez', '1983-03-22', '', '658567124', '925790314', 'C/ Rio Tajo, 11', '45514', 'Quismondo', '', '3 AÑOS COMO PEREGRINA.', _binary 0x7472756500, NULL, 4, 3),
	(4024, NULL, 'Mª Paloma', 'Alonso Vallejo', '1956-11-28', '', '656649604', '658057370', 'C/ Real, 10, 1º- 2', '45200', 'Illescas', '', '', _binary 0x7472756500, NULL, 5, 1),
	(4025, NULL, 'Ángel', 'Payo Pérez', '1957-10-09', '', '654605019', '665526855', 'C/ Lagartera, 2', '45520', 'Villaluenga', '', '', _binary 0x7472756500, NULL, 0, 3),
	(4026, NULL, 'Damián', 'Novillo Manzaneque', '1957-06-18', '', '686055291', '649988705', 'C/ Desiderio Carrión, 11', '45800', 'Quintanar de la Orden', '', '10 AÑOS COMO PEREGRINO.', _binary 0x7472756500, NULL, 0, 3),
	(4027, NULL, 'Bienvenido', 'Ocaña Castrejón', '1958-03-24', '', '616125413', '605262957', 'C/ Azucena, 9', '28981', 'Parla', '', '5 AÑOS HOSPITALARIOS CON MADRID.', _binary 0x7472756500, NULL, 0, 3),
	(4028, NULL, 'Mª Carmen', 'López Miranda', '1964-05-01', '', '647860406', '925457130', 'C/ Cañada Real, 79, 2º', '45570', 'El Puente del Arzobispo', '', '', _binary 0x7472756500, NULL, 5, 1),
	(4029, NULL, 'María', 'Rodríguez Villar', '1977-03-01', '', '666846378', '925740339', 'C/ Eras Bajas, 19', '45594', 'Villamiel', '', '', _binary 0x7472756500, NULL, 0, 1),
	(4030, NULL, 'José', 'Loarte Barreiro', '1965-03-14', '', '679125443', '639506605', 'C/ José A. Carchenilla, 42', '45622', 'Mejorada', '', '', _binary 0x7472756500, NULL, 0, 2),
	(4031, NULL, 'Tomás', 'Cortijo Pérez', '1977-09-16', '', '692885062', '925404071', 'C/ Moratín, 18', '45140', 'Los Navalmorales', '', '', _binary 0x7472756500, NULL, 0, 3),
	(4032, NULL, 'Jacob', 'Herencias Alonso', '1973-06-11', '', '681373586', '-1', 'C/ Joaquina Santander, 21 - 4º A', '45600', 'Talavera de la Reina', '', 'Peregrino 1 año.', _binary 0x7472756500, NULL, 1, 3),
	(4033, NULL, 'José Nazario', 'Vaquero Sepúlveda', '1993-04-20', '', '626536875', '925225250', 'C/ Teresa de Calcuta', '45840', 'La Puebla de Almoradiel', '', 'PEREGRINO: 1 AÑO.', _binary 0x7472756500, NULL, 0, 2),
	(4034, NULL, 'Benjamín', 'Sánchez-Roda Zamorano', '1953-06-03', '', '615473092', '925141185', 'Trav. Mediodía, 1', '45350', 'Noblejas', '', '', _binary 0x7472756500, NULL, 0, 3),
	(4035, NULL, 'José Ignacio', 'Santiago Pascual', '1954-08-01', '', '913478359', '925141185', 'Ramón Pérez Ayala, 44-6ºB', '28038', 'Madrid', '', 'Error en peregrinaciones, lleva muchas más, pero no aparecen en ficha.', _binary 0x7472756500, NULL, 0, 8),
	(4036, NULL, 'Cristobal', 'Moyano Roldán', '1951-01-11', '', '600048032', '957239197', 'C/ Pérez de Castro, 3 - 1 B', '14003', 'Córdoba', '', '', _binary 0x7472756500, NULL, 0, 3),
	(4037, NULL, 'Angélica', 'Alguacil Canales', '1984-10-05', '', '661774121', '925358708', 'Avda. General Villalba, 2 - 3º D', '45003', 'Toledo', '', '', _binary 0x7472756500, NULL, 5, 2),
	(4038, NULL, 'Concepción', 'García-Ochoa Zarza', '1900-01-01', '', '666666666', '-1', 'No lo se', '45005', 'Toledo', '', '', _binary 0x7472756500, NULL, 0, 1),
	(4039, NULL, 'Miguel', 'Fernández Novillo', '1961-06-04', '', '925178641', '-1', 'C/ Libertad, 1', '45840', 'La Puebla de Almoradiel', '', '', _binary 0x7472756500, NULL, 0, 1),
	(4040, NULL, 'Juana', 'Cuadrado González', '1932-05-27', '', '696757732', '-1', 'C/ Sta. Teresa, 47 -3º Dcha', '45600', 'Talavera de la Reina', '', '', _binary 0x7472756500, NULL, 4, 1),
	(4041, NULL, 'Emilio', 'Ruenes García', '1931-11-16', '', '616180217', '925680687', 'Avda. Constitución, 8', '45600', 'Talavera de la Reina', '', '', _binary 0x7472756500, NULL, 0, 2),
	(4042, NULL, 'Alejandro', 'Vázquez Collado', '1942-07-09', '', '645956203', '615158405', 'C/ Conde Lucanor, 14', '45910', 'Escalona', '', '', _binary 0x7472756500, NULL, 0, 2),
	(4043, NULL, 'Mª del Pilar', 'Muñoz Frisuelos', '1942-09-12', '', '645956203', '615158405', 'C/ _Conde Lucanor, 14', '45910', 'Escalona', '', '', _binary 0x7472756500, NULL, 0, 2),
	(4044, NULL, 'Rosa de Lima', 'Carriscajo Serrano', '1925-08-30', '', '925226972', '639769125', 'C/ Cristo de la Luz, 19', '45003', 'Toledo', '', '', _binary 0x7472756500, NULL, 2, 29),
	(4045, NULL, 'Juan Antonio', 'Sánchez-Heredero Escobar', '1957-06-06', '', '925785187', '917526139', 'C/ Dr. Hipólito Ezquerra', '45510', 'Fuensalida', '', '', _binary 0x7472756500, NULL, 0, 24),
	(4046, NULL, 'Mª Dolores', 'Sánchez-Heredero Escobar', '1967-06-03', '', '925785187', '917526139', 'C/ Dr. Hipólito Ezquerra', '45510', 'Fuensalida', '', '', _binary 0x7472756500, NULL, 0, 24),
	(4047, NULL, 'Pilar', 'Navarro Gutiérrez', '1933-02-25', '', '657277190', '917526139', 'Avda. Constitución, ', '45518', 'Gerindote', '', '', _binary 0x7472756500, NULL, 0, 1),
	(4048, NULL, 'Jesús', 'García de Marina', '1960-01-02', '', '677127000', '652439025', 'C/ Roma, 6. Ptal.4 6º A', '45003', 'Toledo', '', '', _binary 0x7472756500, NULL, 0, 0),
	(4049, NULL, 'Clara', 'García-Verdugo Arroyo', '1987-03-10', '', '654477224', '925393062', 'C/ Padilla, 7', '45510', 'Fuensalida', '', '', _binary 0x7472756500, NULL, 5, 2),
	(4050, NULL, 'Felipe', 'García Díaz-Guerra', '1965-10-29', '', '699672283', '925812292', 'Avda. Extremadura, 20 - 2º C', '45600', 'Talavera de la Reina', '', '', _binary 0x7472756500, NULL, 0, 4),
	(4051, NULL, 'José Carlos', 'Arellano Ortega', '1969-11-04', '', '665318465', '925380057', 'C/ Remedios', '45100', 'Sonseca', '', '', _binary 0x7472756500, NULL, 2, 5),
	(4052, NULL, 'Miguel Ángel', 'Gómez Sánchez', '1975-04-03', '', '696625886', '925108484', 'C/ Doménico Veneciano, 3 Ptal.9 - 6º A', '45223', 'Sesena Nuevo', '', '', _binary 0x7472756500, NULL, 4, 2),
	(4053, NULL, 'Gema', 'García Navarro', '1970-12-29', '', '657277190', '-1', 'Avda. San José, 3 E', '45518', 'Gerindote', '', '1 AÑO COMO PEREGRINA', _binary 0x7472756500, NULL, 5, 3),
	(4054, NULL, 'José María', 'Torralbo Aguado', '1968-12-20', '', '619228663', '-1', 'C/ Gorriones, 2', '45280', 'Olías del Rey', '', 'Ha peregrinado 6 veces de peregrino.', _binary 0x7472756500, NULL, 0, 2),
	(4055, NULL, 'Mª del Pilar', 'de los Reyes Montero', '1966-10-22', '', '679454669', '918140806', 'C/ Bélgica, 1 - Adosado 4', '45005', 'Toledo', '', '', _binary 0x7472756500, NULL, 1, 2),
	(4056, NULL, 'Francisco José', 'Piñas Polo', '1966-05-25', 'josetoledo25@hotmail.com', '794716980', '665526855', '37, rue Moillebeau', '1209', 'Genève', '', 'Teléfono completo: +41794716980 Faltan datos postales y fecha nacimiento.', _binary 0x7472756500, NULL, 0, 2),
	(4057, NULL, 'Mª Sagrario', 'Pasero García', '1998-07-27', 'juntos14@live.com', '609578541', '615985741', 'C/ Virgen de la Salud, 2', '45950', 'Casarrubios del Monte', '', '', _binary 0x7472756500, NULL, 0, 1),
	(4058, NULL, 'Encarnación', 'Martín Hernández', '1950-03-25', '', '925760967', '639086332', 'C/ Talavera, 5', '45518', 'Gerindote', '', '', _binary 0x7472756500, NULL, 5, 42),
	(4059, NULL, 'Miguel Ángel', 'Gutiérrez Ramírez', '1968-08-14', '', '699390608', '925415026', 'C/ Toledo, 58', '45120', 'San Pablo de los Montes', '', '', _binary 0x7472756500, NULL, 5, 14),
	(4060, NULL, 'Pedro', 'Serrano Arévalo', '1973-06-29', '', '635466095', '616146259', 'C/ Del Prado, 2', '45125', 'Pulgar', '', '', _binary 0x7472756500, NULL, 0, 2),
	(4061, NULL, 'Jesús', 'Jiménez García de Marina', '1960-01-02', '', '677127000', '-1', 'C/ Roma, 6 - Ptal. 4 - 6º A', '45003', 'Toledo', '', '', _binary 0x7472756500, NULL, 5, 0),
	(4062, NULL, 'Mar', 'Garcinuño Gutiérrez', '1962-11-07', '', '679264328', '-1', 'C/ Guadalajara, 12 - A', '45612', 'Velada', '', '', _binary 0x7472756500, NULL, 0, 2),
	(4063, NULL, 'Juan Luis', 'Novillo González', '1985-08-05', '', '645327582', '-1', 'C/ Cura, 8', '45760', 'La Guardia', '', '', _binary 0x7472756500, NULL, 0, 2),
	(4064, NULL, 'Diego', 'Herrero García de la Serna', '1979-04-04', '', '676302216', '619527566', 'C/ Navalcarnero, 11 - 4º A', '28921', 'Alcorcón', '', '', _binary 0x7472756500, NULL, 0, 7),
	(4065, NULL, 'Pascual', 'Aguilar de Paz', '1900-01-01', '', '666666666', '628769212', 'Pl. San Andrés, 3', '45002', 'Toledo', '', '', _binary 0x7472756500, NULL, 5, 2),
	(4066, NULL, 'Juan', 'Guerrero Díaz-Pintado', '1900-01-01', '', '608042194', '628769212', 'Pl. San Andrés, 3', '45002', 'Toledo', '', '', _binary 0x7472756500, NULL, 1, 1),
	(4067, NULL, 'Jorge', 'Casitas Atencia', '1900-01-01', '', '633271998', '628769212', 'Pl. San Andrés, 3', '45002', 'Toledo', '', '', _binary 0x7472756500, NULL, 1, 1),
	(4068, NULL, 'Sebastián', 'Jeyaraju', '1974-03-23', '', '601757929', '626456800', 'C/ Santa Sabina, 1', '45600', 'Talavera de la Reina', '', '', _binary 0x7472756500, NULL, 5, 1),
	(4069, NULL, 'Mª Luisa', 'López-Villalón Moreno-Vaquerizo', '1934-09-06', '', '925393160', '663162550', 'C/ Berrocales, 10', '45122', 'Argés', '', '', _binary 0x7472756500, NULL, 0, 15),
	(4070, NULL, 'Mª del Mar', 'Ferrando Sánchez', '1968-07-20', '', '659817979', '690324290', 'C/ Quintanas, 13', '45950', 'Casarrubios del Monte', '', '', _binary 0x7472756500, NULL, 0, 1),
	(4071, NULL, 'Elvira', 'Fradejas Rodríguez', '1940-01-09', '', '665204578', '625046943', 'C/ del Puerto, 12 - 2º E', '45006', 'Toledo', '', '', _binary 0x7472756500, NULL, 5, 2),
	(4072, NULL, 'Mª Dolores', 'Santos Barragán', '1953-05-04', '', '640335153', '627118581', 'C/ Almibar, 2 - 1º A', '45291', 'Cobeja', '', '', _binary 0x7472756500, NULL, 0, 1),
	(4073, NULL, 'Carmen', 'Vera de Álvarez', '1936-07-16', '', '656390955', '618352504', 'C/ General Asensio, 13', '45510', 'Fuensalida', '', '', _binary 0x7472756500, NULL, 0, 5),
	(4074, NULL, 'Hilaria', 'Fernández Bueno', '1937-10-21', '', '918623682', '918642755', 'C/ Mediodía, 15', '45900', 'Almorox', '', 'Muchos años de Peregrina: 19.', _binary 0x7472756500, NULL, 0, 1),
	(4075, NULL, 'Felisa', 'Jiménez Rico', '1939-12-12', '', '918623060', '669354021', 'Avda. Estación, 4', '45900', 'Almorox', '', '', _binary 0x7472756500, NULL, 4, 1),
	(4076, NULL, 'Natividad', 'Calderón García', '1942-01-07', '', '918623015', '625406764', 'C/ Real, 25', '45900', 'Almorox', '', '', _binary 0x7472756500, NULL, 1, 2),
	(4077, NULL, 'Pilar', 'Rico Peña', '1942-12-14', '', '918623539', '656430861', 'Trav. Baja, 8', '45900', 'Almorox', '', '', _binary 0x7472756500, NULL, 0, 2),
	(4078, NULL, 'Cristina', 'Agudo Ventero', '1934-07-27', '', '678505401', '678505402', 'Rda. Buenavista, 35 - P.7 - 1º B', '45005', 'Toledo', '', '', _binary 0x7472756500, NULL, 5, 1),
	(4079, NULL, 'Celedonia', 'Rayo Fernández', '1933-03-28', '', '924864243', '607322298', 'C/ Capitán Carrracedo, 27', '6770', 'Casas de don Pedro', '', '', _binary 0x7472756500, NULL, 0, 2),
	(4080, NULL, 'Petra', 'Marrupe Peralvo', '1938-11-26', '', '924864065', '607322298', 'C/ Constitución, 53', '6770', 'Casas de don Pedro', '', '', _binary 0x7472756500, NULL, 0, 2),
	(4081, NULL, 'Carmen', 'López-Romero Ramos', '1941-07-16', '', '925377169', '619178754', 'C/ José Antonio, 2', '45789', 'Turleque', '', '', _binary 0x7472756500, NULL, 5, 2),
	(4082, NULL, 'Purificación', 'Martín-Vares Castellanos', '1948-01-18', '', '629837165', '-1', 'C/ Constitución, 47', '45940', 'Valmojado', '', '', _binary 0x7472756500, NULL, 0, 2),
	(4083, NULL, 'Rosario', 'Cerdeño Puentes', '1933-10-07', '', '925212566', '680221375', 'Avda. Santa Bárbara, 30 - 1º B', '45006', 'Toledo', '', '1 AÑO DE PEREGRINA.', _binary 0x7472756500, NULL, 1, 1),
	(4084, NULL, 'Mª Luisa', 'Martínez Díaz', '1940-08-19', '', '925511386', '925513376', 'C/ Francisco Guzmán, 12', '45200', 'Illescas', '', '', _binary 0x7472756500, NULL, 0, 2),
	(4085, NULL, 'Ángela', 'Cerratos Gómez', '1940-02-16', '', '696931851', '925441857', 'C/ Onésimo Redondo, 11', '45576', 'Mohedas de la Jara', '', '', _binary 0x7472756500, NULL, 1, 1),
	(4086, NULL, 'Antonio', 'Jara Gómez', '1931-03-12', '', '925441816', '-1', 'Pl. Generalísimo, 7', '45576', 'Mohedas de la Jara', '', '', _binary 0x7472756500, NULL, 0, 1),
	(4087, NULL, 'Sara', 'Gómez Sánchez', '1935-01-19', '', '925441816', '-1', 'Pl. Generalísimo, 7', '45576', 'Mohedas de la Jara', '', '', _binary 0x7472756500, NULL, 0, 1),
	(4088, NULL, 'Cándido', 'Cabañas Garrido', '1933-09-04', '', '696931851', '925441857', 'C/ Onésimo Redondo, 11', '45576', 'Mohedas de la Jara', '', '', _binary 0x7472756500, NULL, 5, 1),
	(4089, NULL, 'Felicita', 'Pedroche García', '1931-06-30', '', '925140498', '609229535', 'C/ Gral. Prim, 5', '45350', 'Noblejas', '', '', _binary 0x7472756500, NULL, 0, 2),
	(4090, NULL, 'Margarita', 'García Beldad', '1949-08-12', '', '607649517', '648431172', 'Urbaniz. El Cerro, 1', '45710', 'Madridejos', '', '', _binary 0x7472756500, NULL, 1, 9),
	(4091, NULL, 'Margarita', 'Rodríguez Jiménez', '1938-08-05', '', '659764956', '-1', 'C/ Higuera, 2', '45006', 'Toledo', '', '', _binary 0x7472756500, NULL, 0, 2),
	(4092, NULL, 'Eduardo', 'Garvia Díaz', '1946-03-30', '', '918167167', '608655007', 'C/ Miguel Hernández, 2', '28977', 'Casarrubuelos', '', '', _binary 0x7472756500, NULL, 0, 2),
	(4093, NULL, 'Gregoria', 'González García', '1950-07-28', '', '925506175', '626996477', 'C/ Velázquez, 4', '45250', 'Añover de Tajo', '', '', _binary 0x7472756500, NULL, 0, 2),
	(4094, NULL, 'Encarnación', 'Ortega Aguilera', '1932-02-23', '', '918172908', '62693794', 'C/ Campillo, 12', '45950', 'Casarrubios del Monte', '', '', _binary 0x7472756500, NULL, 5, 1),
	(4095, NULL, 'Mª del Pilar', 'Pedraza Huete', '1964-05-07', '', '649961094', '-1', 'C/ Villeta, 5', '45760', 'La Guardia', '', '', _binary 0x7472756500, NULL, 0, 1),
	(4096, NULL, 'Heliodora', 'Sánchez Fernández', '1935-08-22', '', '685979612', '629037565', 'C/ La Virgen, 14', '45576', 'Mohedas de la Jara', '', '', _binary 0x7472756500, NULL, 0, 1),
	(4097, NULL, 'José Mª', 'Díaz Muñoz', '1933-05-03', '', '685979612', '629037565', 'C/ La Virgen, 14', '45576', 'Mohedas de la Jara', '', '', _binary 0x7472756500, NULL, 4, 1),
	(4098, NULL, 'Raquel', 'Pinilla Pinilla', '1940-09-14', '', '696370701', '699396454', 'Poeta Jiménez Castro,35-B', '45600', 'Talavera de la Reina', '', '', _binary 0x7472756500, NULL, 0, 2),
	(4099, NULL, 'Piedad', 'Muñoz Alcojor', '1960-04-14', '', '686269414', '-1', 'Avda. Constitución, 2', '45600', 'Talavera de la Reina', '', '', _binary 0x7472756500, NULL, 0, 1),
	(4100, NULL, 'Patricia', 'Monsalve Martín', '1995-12-20', '', '666887765', '639096982', 'Avda. Francisco Aguirre, 257', '45600', 'Talavera de la Reina', '', '', _binary 0x7472756500, NULL, 0, 1),
	(4101, NULL, 'Mª del Carmen', 'Lariño Lariño', '1955-06-21', '', '636013801', '-1', 'C/ S. Esteban, 24 - 1º A', '45600', 'Talavera de la Reina', '', '', _binary 0x7472756500, NULL, 5, 1),
	(4102, NULL, 'Ángeles', 'Jiménez García', '1930-03-01', '', '925785397', '639281475', 'C/ Madre Isabel Larraña', '45510', 'Fuensalida', '', '', _binary 0x7472756500, NULL, 0, 1),
	(4103, NULL, 'Ana Mª', 'Barranco Martínez', '1936-03-26', '', '925300100', '636662112', 'C/ Mª Martín Maestro, 13', '45400', 'Mora', '', '', _binary 0x7472756500, NULL, 3, 1),
	(4104, NULL, 'Diana', 'García de Fernando García', '1990-07-29', '', '677441422', '619854869', 'Avda. Boladiez, 15 - Bajo', '45007', 'Toledo', '', '', _binary 0x7472756500, NULL, 1, 1),
	(4105, NULL, 'Brígida', 'García Martín', '1962-01-03', '', '677441422', '620191921', 'Avda. Boladiez, 15 - Bajo', '45007', 'Toledo', '', '', _binary 0x7472756500, NULL, 0, 1),
	(4106, NULL, 'Flora', 'Martín-Aragón Gutiérrez', '1942-12-29', '', '647509282', '627960951', 'Avda. Madrid, 35', '45516', 'La Puebla de Montalbán', '', '', _binary 0x7472756500, NULL, 0, 1),
	(4107, NULL, 'Francisca', 'Torregrosa Peláez', '1929-05-09', '', '925221986', '619577303', 'C/ Martínez Simancas', '45004', 'Toledo', '', '', _binary 0x7472756500, NULL, 0, 1),
	(4108, NULL, 'Manuel', 'Pimentel Martín', '1966-04-26', '', '925138469', '925123175', 'C/ La Esperanza, 13 - Bajo', '45760', 'La Guardia', '', '', _binary 0x7472756500, NULL, 0, 2),
	(4109, NULL, 'Mariano', 'Vega García', '1962-01-01', '', '925138469', '618318485', 'C/ La Esperanza - Bajo', '45760', 'La Guardia', '', '', _binary 0x7472756500, NULL, 0, 1),
	(4110, NULL, 'Sergio', 'González Fontelos', '1977-02-15', '', '925138469', '607980338', 'C/ La Esperanza, 13 - Bajo', '45760', 'La Guardia', '', '', _binary 0x7472756500, NULL, 0, 1),
	(4111, NULL, 'Mª Eugenia', 'Delgado Pérez', '1940-07-09', '', '918174065', '918174041', 'C/ Era Alta, 35', '45180', 'Camarena', '', '', _binary 0x7472756500, NULL, 1, 1),
	(4112, NULL, 'Benita', 'López Calvo', '1939-08-28', '', '925259375', '639836503', 'Residencia Social S. José', '45008', 'Toledo', '', '', _binary 0x7472756500, NULL, 0, 1),
	(4113, NULL, 'Leonor', 'Herrera Montero', '1934-06-06', '', '656912170', '-1', 'Residencia Social S. José', '45008', 'Toledo', '', '', _binary 0x7472756500, NULL, 0, 2),
	(4114, NULL, 'Mª Teresa', 'Sierra Sánchez', '1956-04-29', '', '650768632', '-1', 'C/ Arroyuelo, 23', '6692', 'Helechosa', '', '', _binary 0x7472756500, NULL, 0, 1),
	(4115, NULL, 'Mª del Mar', 'López Pérez', '1966-02-10', '', '650683615', '-1', 'C/ Camarín, 1 - 3º 5', '45500', 'Torrijos', '', '', _binary 0x7472756500, NULL, 0, 8),
	(4116, NULL, 'Jesús', 'González García Gasco', '1969-04-25', '', '925138469', '617631648', 'C/ La Esperanza, 13 - Bajo', '45760', 'La Guardia', '', '', _binary 0x7472756500, NULL, 0, 1),
	(4117, NULL, 'José Luís', 'Fiz Roncero', '1940-08-27', '', '925216121', '925229322', 'Rd Buenavista, 24 - Bl 6- 3º B', '45005', 'Toledo', '', '', _binary 0x7472756500, NULL, 0, 42),
	(4118, NULL, 'Emilia Inmaculada', 'Garrido Robles', '2000-12-05', 'emiliagarridorobles@gmail.com', '666846730', '619854869', 'C/ Arenal, 55', '45950', 'Casarrubios del Monte', '', '', _binary 0x7472756500, NULL, 1, 1),
	(4119, NULL, 'Beatriz', 'García Benítez', '2000-05-28', 'beatrizgarben@gmail.com', '644896404', '610652866', 'C/ Flamenco, 20', '45510', 'Fuensalida', '', '', _binary 0x7472756500, NULL, 5, 1),
	(4120, NULL, 'Andrea', 'Bautista Fernández', '2000-11-04', 'andreabautista2000@gmail.com', '656816292', '663021652', 'C/ Velazquez, 5', '45510', 'Fuensalida', '', '', _binary 0x7472756500, NULL, 3, 1),
	(4121, NULL, 'Enrique', 'Escalonilla de León', '2000-01-10', 'enriqueescalonilla@gmail.com', '638749114', '628769212', 'C/ San Crispín, 96 - 2º D', '45510', 'Fuensalida', '', '', _binary 0x7472756500, NULL, 0, 1),
	(4122, NULL, 'Daniel', 'Oporto Rodríguez', '1987-03-08', '', '634661987', '628769212', 'C/ Doctor Marañón, 5 - 2º F', '45200', 'Illescas', '', '1 año de Peregrino.', _binary 0x7472756500, NULL, 0, 2),
	(4123, NULL, 'Manuela', 'Miranda Moreno', '1952-02-21', '', '697658343', '680272784', 'C/ Fray Diego, 18 - B', '45313', 'Yepes', '', 'Peregrina 1 año', _binary 0x7472756500, NULL, 0, 2),
	(4124, NULL, 'Gema', 'García-Plaza Pérez', '1996-06-20', '', '672343663', '678478082', 'C/ La Rosa, 1', '45860', 'Villacañas', '', '', _binary 0x7472756500, NULL, 1, 1),
	(4125, NULL, 'Eva Mª', 'Marín Serrano', '1972-05-17', '', '669141227', '669141227', 'Avda. Juan Carlos I, 120', '45840', 'Puebla de Almoradiel', '', '', _binary 0x7472756500, NULL, 0, 2),
	(4126, NULL, 'Paloma', 'Cubero Collado', '1967-08-14', '', '654675114', '654374017', 'C/ Virgilio, 16 - Chalet 6', '28341', 'Valdemoro', '', '', _binary 0x7472756500, NULL, 4, 2),
	(4127, NULL, 'Mª Nieves', 'Andrés Díaz', '1969-04-10', '', '667591776', '918140806', 'c/ Urogallo, 1', '28971', 'Griñon', '', 'Ha peregrinado con Burgos durante 2 años.', _binary 0x7472756500, NULL, 5, 1),
	(4128, NULL, 'Mª Isabel', 'Bueno Aparicio', '1942-06-17', '', '917069654', '918140806', 'C/ Cedillo del Condado, 10 - 1º B', '28044', 'Madrid', '', 'Ha peregrinado 15 años con Burgos.', _binary 0x7472756500, NULL, 5, 1),
	(4129, NULL, 'Elena', 'Millas Villarrubia', '1998-07-18', '', '686057333', '610557503', 'Pl. Comuneros, 2', '45400', 'Mora', '', '', _binary 0x7472756500, NULL, 0, 1),
	(4130, NULL, 'Sara', 'García de Fernando García', '1988-01-19', '', '620191921', '610557503', 'Avda. Boladiez, 15 - Bajo C', '45007', 'Toledo', '', '', _binary 0x7472756500, NULL, 4, 1),
	(4131, NULL, 'Mª Rosa', 'Ruíz Aldereguía', '1957-08-05', '', '618647509', '-1', 'C/ Azagador, 25', '28230', 'Las Rozas', '', '', _binary 0x7472756500, NULL, 0, 1),
	(4132, NULL, 'Mª Luisa', 'López Rodríguez', '1958-04-24', '', '619711417', '925770232', 'Pl. Caño Nuevo, 11 - 2º A', '45500', 'Torrijos', '', '', _binary 0x7472756500, NULL, 0, 2),
	(4133, NULL, 'Mª Carmen', 'Fernández Rumbero', '1951-12-22', '', '620224523', '616146259', 'C/ Camarín, 7 - 2ª P.3', '45500', 'Torrijos', '', '', _binary 0x7472756500, NULL, 7, 2),
	(4134, NULL, 'Adrían', 'Moreno de las Heras', '1991-10-09', '', '600749254', '-1', 'C/ Reino Unido, 12', '45005', 'Toledo', '', '', _binary 0x7472756500, NULL, 0, 1),
	(4135, NULL, 'Álvaro', 'García Paniagua', '1971-07-29', '', '616298810', '-1', 'C/ Los Bedas, 5', '45600', 'Talavera de la Reina', '', '', _binary 0x7472756500, NULL, 0, 1),
	(4136, NULL, 'Natalia', 'Sanguino Nieto-Márquez', '2003-11-21', '', '697973032', '625116662', 'C/ Leonor de Aquitania, 67', '45190', 'Nambroca', '', '', _binary 0x7472756500, NULL, 0, 2),
	(4137, NULL, 'Laura', 'Gutiérrez Ramos', '2007-09-19', '', '667611856', '670266702', 'C/ Alemania, 37', '45005', 'Toledo', '', 'PEREGRINA: 1 AÑO.', _binary 0x7472756500, NULL, 0, 2),
	(4138, NULL, 'África', 'Álvarez Rico', '2004-01-01', '', '686343725', '-1', 'C/ Sedeña, 3', '45514', 'Quismondo', '', '', _binary 0x7472756500, NULL, 5, 2),
	(4139, NULL, 'Álvarez Rico', 'Hector', '2012-03-01', '', '686343725', '-1', 'C/ Serdeña, 3', '45514', 'Quismondo', '', '', _binary 0x7472756500, NULL, 0, 0),
	(4140, NULL, 'Álvarez Rico', 'Bárbara', '2007-03-27', '', '686343725', '-1', 'C/ Sedeña, 3', '45514', 'Quismondo', '', '', _binary 0x7472756500, NULL, 3, 0),
	(4141, NULL, 'Irene', 'Herrera López', '2008-08-03', '', '617010989', '649704657', 'C/ Méntrida, 16', '45940', 'Valmojado', '', '', _binary 0x7472756500, NULL, 0, 2),
	(4142, NULL, 'Julia', 'Díez Sánchez', '2008-12-07', '', '678478082', '-1', 'C/ Claudio Coello, 10', '45190', 'Nambroca', '', '', _binary 0x7472756500, NULL, 5, 1),
	(4143, NULL, 'Álvaro', 'Torralbo Villamuelas', '2011-11-22', '', '609257524', '-1', 'C/ Gorriones, 2', '45280', 'Olías del Rey', '', '', _binary 0x7472756500, NULL, 0, 2),
	(4144, NULL, 'Héctor', 'Álvarez Rico', '2012-08-01', '', '686343725', '925214507', 'C/ Sedeña, 3', '45514', 'Quismondo', '', '', _binary 0x7472756500, NULL, 2, 2),
	(4145, NULL, 'Bárbara', 'Álvarez Rido', '2007-03-27', '', '686343725', '925214507', 'C/ Sedeña, 3', '45514', 'Quismondo', '', '', _binary 0x7472756500, NULL, 5, 2),
	(4146, NULL, 'Dolores', 'Sánchez Rivera Colino', '1970-06-02', '', '606638992', '-1', 'C/ Fernán González, 38 - 3º C', '28009', 'Madrid', '', '', _binary 0x7472756500, NULL, 0, 8),
	(4147, NULL, 'Teresa', 'Arroyo Lasheras', '1932-05-15', '', '925224393', '664870027', 'Pl. de Cuba, 2', '45004', 'Toledo', '', '5 AÑOS LLEVA DE ENFERMA', _binary 0x7472756500, NULL, 3, 36),
	(4148, NULL, 'Vicente', 'Morgado Escolerino', '1939-07-15', '', '673226399', '-1', 'Residencial Social Asistida', '45008', 'Toledo', '', '', _binary 0x7472756500, NULL, 1, 1),
	(4149, NULL, 'Sonia', 'Castro Pantoja', '1969-07-13', '', '925257112', '-1', 'Ctra. Mocejón, 15', '45280', 'Olías del Rey', '', '', _binary 0x7472756500, NULL, 4, 7),
	(4150, NULL, 'Aurita', 'Fernández Díaz', '1938-03-15', '', '670872218', '652211063', 'C/ Ramón y Cajal, 5 - 2º-2', '45593', 'Bargas', '', '', _binary 0x7472756500, NULL, 5, 19),
	(4151, NULL, 'María del Carmen', 'Cánovas Villasante', '1900-01-01', '', '925220652', '649714245', 'Avda. Barber, 53', '45004', 'Toledo', '', 'Peregrina 2 años.', _binary 0x7472756500, NULL, 2, 43),
	(4152, NULL, 'Alberto', 'del Cerro Sánchez', '2000-02-25', '', '644393982', '678478082', 'C/ Claudio Coello, 8', '45190', 'Nambroca', '', '17 AÑOS COMO PEREGRINO.', _binary 0x7472756500, NULL, 0, 4),
	(4153, NULL, 'Irene', 'Martín Cabello', '1972-10-03', '', '619394431', '610975315', 'C/ Buenos Aires, 11', '45100', 'Sonseca', '', '', _binary 0x7472756500, NULL, 0, 2),
	(4154, NULL, 'Leonor', 'Tellez Barrera', '1975-08-07', '', '687956434', '-1', 'C/ Gral. Díaz Porlier, 99-2ºD', '28006', 'Madrid', '', 'Peregrina 2 años.', _binary 0x7472756500, NULL, 0, 6),
	(4155, NULL, 'Teresa', 'Guzmán Cabiedas', '1946-07-12', '', '667484112', '925138123', 'Carretera de Andalucia, 14', '45760', 'La Guardia', '', '', _binary 0x7472756500, NULL, 1, 7),
	(4156, NULL, 'José Luis', 'Fiz Sánchez', '1975-11-08', '', '925216121', '-1', 'Ronda Buenavista, 24-B6-3A', '45005', 'Toledo', '', '', _binary 0x7472756500, NULL, 0, 6),
	(4157, NULL, 'Jose Luis ', 'Bermúdez Bermúdez', '1973-02-04', '', '663904578', '925310598', 'Calle Pozo Nuevo 38', '45570', 'Villasequilla', '', '', _binary 0x7472756500, NULL, 3, 1),
	(4158, NULL, 'Ana', 'Martín Fernández', '1991-07-11', '', '653540847', '-1', 'Pl General Valera 4- 1B', '45510', 'Fuensalida', '', '', _binary 0x7472756500, NULL, 0, 1),
	(4159, NULL, 'Encarnación', 'Mollejo Aparicio', '1956-09-21', '', '656901442', '-1', 'Paseo de las Delicias 32-5E', '28045', 'Madrid', '', '', _binary 0x7472756500, NULL, 5, 1),
	(4160, NULL, 'Ana María', 'Jiménez Castro', '1969-11-20', '', '680658991', '-1', 'Angel del Alcazar', '45600', 'Talavera de la Reina', '', '', _binary 0x7472756500, NULL, 4, 1),
	(4161, NULL, 'Mª Angeles', 'Lumbreras Muñoz', '1970-01-27', '', '639015412', '925802413', 'C/ Mira al Rio 4', '45600', 'Talavera de la Reina', '', '', _binary 0x7472756500, NULL, 0, 1),
	(4162, NULL, 'Mª del Pilar', 'Chozas Serrano', '1988-10-12', '', '608241081', '-1', 'C/ Cereria 30 1ºDcha', '45600', 'Talavera de la Reina', '', '', _binary 0x7472756500, NULL, 1, 1),
	(4163, NULL, 'Beatriz', 'Herrero Valera', '1981-03-08', '', '678321484', '-1', 'Avda Portugal 35 6A', '45600', 'Talavera de la Reina', '', '', _binary 0x7472756500, NULL, 0, 1),
	(4164, '03885536p', 'Victor', 'Palomo Silvaa', '1982-01-22', '', '646268400', '654477224', 'C/ Tales de Mileto, 3', '45111', 'Cobisa', 'Toledo', 'Peregrino  : 2018', _binary 0x7472756500, '', 3, 1),
	(4165, NULL, 'David', 'Caro Tenorio', '1982-01-11', '', '652944114', '925784239', 'C/ Soledad 5', '45510', 'Fuensalida', '', '', _binary 0x7472756500, NULL, 2, 1),
	(4166, NULL, 'Noelia ', 'Rico Piñas', '1976-04-07', '', '661366329', '-1', 'C/ Dublin 256', '45600', 'Talavera de la Reina', '', 'Peregrina 2018', _binary 0x7472756500, NULL, 0, 1),
	(4167, NULL, 'José Luis', 'García Moreno', '1973-06-22', '', '657295988', '649988705', 'C/ Dublín, 256', '45600', 'Talavera de la Reina', '', '', _binary 0x7472756500, NULL, 0, 1),
	(4168, NULL, 'Ernesto', 'Zamorano Prieto', '2001-06-21', '', '666594468', '925522008', 'C/ San Sebastián', '45211', 'Recas', '', '', _binary 0x7472756500, NULL, 0, 1),
	(4169, NULL, 'Ángel Mª', 'Gómez López', '2000-07-26', '', '645198776', '680272784', 'C/ Los Almendros, 19', '45250', 'Añover de Tajo', '', 'Peregrino 2018', _binary 0x7472756500, NULL, 0, 1),
	(4170, NULL, 'Rosa', 'Jaroso Rodríguez', '1958-08-28', '', '649919654', '-1', 'C/ Navarra 11 ', '6770', 'Casas de Don Pedro', '', 'Peregrino 2018', _binary 0x7472756500, NULL, 0, 1),
	(4171, NULL, 'Juliana', 'Rodríguez Arroba', '1970-02-18', '', '653905814', '616011094', 'C/ Capitán Carracedo 21', '6770', 'Casas de Don Pedro', '', '', _binary 0x7472756500, NULL, 0, 1),
	(4172, NULL, 'Rebeca', 'Rico Tapias', '1979-08-26', '', '651443839', '-1', 'C/ Sedeña, 3', '45514', 'Quismondo', '', 'Peregrina: 2011- 2017- 2018.', _binary 0x7472756500, NULL, 0, 1),
	(4173, NULL, 'Maria Teresa', 'Terrero García', '1949-01-13', '', '925214346', '-1', 'Avda Portugal 18 Bq 1-1A', '45005', 'Toledo', '', '', _binary 0x7472756500, NULL, 0, 1),
	(4174, NULL, 'Freaesuinda Teresa', 'Alonso García', '1970-01-25', '', '619991576', '925401049', 'C/ Sta Teresa de Jesús 13', '45164', 'Gálvez', '', '', _binary 0x7472756500, NULL, 1, 1),
	(4175, NULL, 'M Carmen ', 'Lillo Lillo', '1951-08-13', '', '699189634', '925160128', 'C/ Quero 10', '45860', 'Villacañas', '', '', _binary 0x7472756500, NULL, 5, 1),
	(4176, NULL, 'Denia', 'Rincón Camacho', '1968-04-30', '', '639388402', '925041379', 'C/ Victorio Macho 3 1ºA', '45002', 'Toledo', '', '', _binary 0x7472756500, NULL, 0, 1),
	(4177, NULL, 'Milagros', 'Trompeta Molina', '1971-12-19', '', '686175066', '630736648', 'C/ Doctor Rivas 40 bis-1ºA', '28350', 'Ciempozuelos', '', '', _binary 0x7472756500, NULL, 0, 1),
	(4178, NULL, 'Beatriz', 'Morcillo Cros', '1984-09-17', '', '658916328', '-1', 'C/ Puerto Rico 33', '28342', 'Valdemoro', '', '', _binary 0x7472756500, NULL, 0, 1),
	(4179, NULL, 'Marta', 'Lozano Martín', '1968-09-23', '', '670932297', '-1', 'C/ Derechos Humanos 7', '28320', 'Pinto', '', '', _binary 0x7472756500, NULL, 0, 1),
	(4180, NULL, 'Blanca Libia', 'Moncada Ossa', '1962-12-17', '', '695948910', '605436943', 'C/ Esparteros 3 bajo', '45006', 'Toledo', '', '', _binary 0x7472756500, NULL, 0, 1),
	(4181, NULL, 'Josefa', 'de la Cruz Moreno', '1947-08-18', '', '636701688', '916659848', 'C/ Rejilla 17', '28931', 'Móstoles', '', '', _binary 0x7472756500, NULL, 4, 1),
	(4182, NULL, 'Nazaret', 'Peñalver Sánchez', '2001-04-12', '', '685989950', '-1', 'San Pedro de la Mata 14', '45100', 'Sonseca', '', '', _binary 0x7472756500, NULL, 0, 1),
	(4183, NULL, 'José', 'Muñoz Peñalver', '1961-03-24', '', '658616641', '925382875', 'Trav Antonio Moraleda 17', '45100', 'Sonseca', '', '', _binary 0x7472756500, NULL, 0, 1),
	(4184, NULL, 'Juan', 'Sanz Ortega', '1951-08-28', '', '659313363', '925160128', 'C/ Quero 10', '45860', 'Villacañas', '', '', _binary 0x7472756500, NULL, 0, 1),
	(4185, NULL, 'Mª Carmen ', 'Urbaneja Pérez', '1983-12-10', '', '637321956', '-1', 'C/ Adalid Meneses 1- 3º G', '45600', 'Talavera de la Reina', '', '', _binary 0x7472756500, NULL, 0, 0),
	(4186, NULL, 'Arnau', 'Agüero Fernández', '1993-07-07', '', '627217389', '925800738', 'C/ Joaquina Santander 6-1ºizq', '45600', 'Talavera de la Reina', '', '', _binary 0x7472756500, NULL, 3, 1),
	(4187, NULL, 'Sergio', 'González Jiménez', '1981-08-07', '', '630930313', '-1', 'Escalona', '45910', 'Escalona', '', '', _binary 0x7472756500, NULL, 0, 1),
	(4188, NULL, 'David', 'Ramírez Blanco', '1976-07-29', '', '659478151', '-1', 'Avda de los Fueros 8', '45910', 'Escalona', '', '', _binary 0x7472756500, NULL, 0, 1),
	(4189, NULL, 'Jose Carlos', 'Rodríguez Hidalgo', '1964-07-08', '', '687469381', '925780764', 'Plaza Infante Don Juan Manuel 24', '45910', 'Escalona', '', '', _binary 0x7472756500, NULL, 0, 1),
	(4190, NULL, 'Angel ', 'Regidor Bustos', '1992-11-22', '', '617698607', '925205069', 'C/ Veracruz 30', '45840', 'La Puebla de Almoradiel', '', '', _binary 0x7472756500, NULL, 0, 1),
	(4191, NULL, 'Auxiliadora', 'Sánchez Benítez', '1958-05-16', '', '636283915', '-1', 'C/ San Pedro Alcantara 8-1ºA', '45600', 'Talavera de la Reina', '', '', _binary 0x7472756500, NULL, 0, 1),
	(4192, NULL, 'Luis Miguel', 'Triviño Fernández', '1973-02-07', '', '680205312', '925142397', 'Carrera, 52', '45340', 'Ontigola', '', '', _binary 0x7472756500, NULL, 0, 1),
	(4193, NULL, 'Juan', 'Triviño Fernández', '1974-10-24', '', '636169342', '-1', 'Avda. del Tilo, 33-E Urb, Valpa', '45005', 'Toledo', '', '', _binary 0x7472756500, NULL, 0, 1),
	(4194, NULL, 'Eloy', 'Jiménez Batres', '1953-01-26', '', '646215923', '925797016', 'Mayor, 6', '45530', 'Santa Olalla', '', '', _binary 0x7472756500, NULL, 0, 1),
	(4195, NULL, 'David', 'Casas de la Cal', '1975-11-08', '', '659792189', '-1', 'Veracruz, 33', '45720', 'Camuñas', '', '', _binary 0x7472756500, NULL, 1, 1),
	(4196, NULL, 'Enrique', 'del Álamo González', '1982-06-09', '', '620189074', '918170603', 'Constitución, 45', '45940', 'Valmojado', '', '', _binary 0x7472756500, NULL, 0, 1),
	(4197, NULL, 'Rubén', 'Zamora Nava', '1978-09-10', '', '615545038', '925816191', 'Joaquina Santander, 36', '45600', 'Talavera de la Reina', '', '', _binary 0x7472756500, NULL, 0, 1),
	(4198, NULL, 'Jesús ', 'Gómez-Gordo Consentino', '1957-01-29', '', '650333447', '925220636', 'Plaza Santiago del Arrabal, 1', '45003', 'Toledo', '', '', _binary 0x7472756500, NULL, 4, 1),
	(4199, NULL, 'Inés', 'Palomo García-Verdugo', '2016-10-26', '', '646268400', '654477224', 'C/ Padilla, 7', '45510', 'Fuensalida', '', '', _binary 0x7472756500, NULL, 0, 3),
	(4200, NULL, 'Enmanuel', 'Calo Gutiérrez', '1986-08-25', '', '679688510', '925154079', 'C/ La Estrella, s/n', '45313', 'Yepes', '', '', _binary 0x7472756500, NULL, 5, 1),
	(4201, NULL, 'Juan Antonio', 'Goyanes Martínez', '1955-08-13', '', '650251135', '-1', 'C/ Hermanos Maristas de Bugobe, 4', '45600', 'Talavera de la Reina', '', '', _binary 0x7472756500, NULL, 0, 1),
	(4202, NULL, 'Peter', 'Bhaiciadass', '1979-05-19', '', '631961360', '-1', 'C/ Santa Sabina, 1', '45600', 'Talavera de la Reina', '', '', _binary 0x7472756500, NULL, 3, 1),
	(4203, NULL, 'Natalio', 'Babiano Muerza', '1978-04-07', '', '664051733', '-1', 'C/ Remedio, 21', '45100', 'Sonseca', '', '', _binary 0x7472756500, NULL, 3, 1),
	(4204, NULL, 'Aúreo', 'Matesanz Saéz', '1967-05-19', '', '647905939', '-1', 'C/ La Ermita, 3', '45006', 'Toledo', '', '', _binary 0x7472756500, NULL, 0, 2),
	(4205, NULL, 'Obed Osías', 'López Romero', '1984-02-08', '', '673107892', '-1', 'Pl. San Gil, 13', '45500', 'Torrijos', '', '', _binary 0x7472756500, NULL, 0, 1),
	(4206, NULL, 'Antonio', 'López-Higueras Martín-Rubio', '1974-04-22', '', '666624056', '-1', 'C/ Barcelona, 1', '45004', 'Toledo', '', '', _binary 0x7472756500, NULL, 0, 1),
	(4207, NULL, 'Gregorio', 'Real Collado', '1939-01-09', '', '925223750', '-1', 'Rda. Buenavista, 7', '45005', 'Toledo', '', '', _binary 0x7472756500, NULL, 0, 1),
	(4208, NULL, 'José Antonio', 'Escobar Cano', '1971-03-25', '', '650317907', '-1', 'C/ S. Vicente Gálvez Villarejo, 8', '45800', 'Quintanar de la Orden', '', '', _binary 0x7472756500, NULL, 0, 1),
	(4209, NULL, 'Ángel', 'Márquez Fernández', '1999-01-01', '', '925225250', '649331983', 'Pl. San Andrés', '45002', 'Toledo', '', '', _binary 0x7472756500, NULL, 0, 1),
	(4210, NULL, 'Iñaqui', 'Suarez Cuesta', '1999-01-01', '', '925225250', '-1', 'Pl. San Andres', '45002', 'Toledo', '', '', _binary 0x7472756500, NULL, 0, 1),
	(4211, NULL, 'Pacifique', 'Niyonkuru', '1999-01-01', '', '925225250', '-1', 'Pl. San Andrés', '45002', 'Toledo', '', '', _binary 0x7472756500, NULL, 0, 1),
	(4212, NULL, 'Jean Jacques', 'Nkando Mubamba', '1999-01-01', '', '925225250', '-1', 'Pl. San Andrés', '45002', 'Toledo', '', '', _binary 0x7472756500, NULL, 1, 1),
	(4213, NULL, 'Thadeo', 'Nsungu Mitombo', '1999-01-01', '', '925225250', '-1', 'Pl. San Andrés', '45002', 'Toledo', '', '', _binary 0x7472756500, NULL, 0, 1),
	(4214, NULL, 'Luis', 'Pastrana Ortíz', '1986-09-22', '', '609413555', '-1', 'Ancha Vieja, 15', '45700', 'Consuegra', '', '', _binary 0x7472756500, NULL, 0, 1),
	(4215, NULL, 'Jesús Javier', 'Merchán Ramírez', '1967-07-19', '', '636581980', '925508463', 'Conde de Cedillo, 27', '45214', 'Cedillo del Condado', '', '', _binary 0x7472756500, NULL, 0, 26),
	(4216, NULL, 'Juan Antonio', 'Collado Ludeña', '1958-01-11', '', '656668276', '926577182', 'Empedrada, 11', '45790', 'Quero', '', '', _binary 0x7472756500, NULL, 0, 1),
	(4217, NULL, 'Felicitas', 'Martínez Beneitez', '1928-05-18', '', '925522016', '647712540', 'General Mola, 7', '45211', 'Recas - Toledo', '', '', _binary 0x7472756500, NULL, 0, 1),
	(4218, NULL, 'Estrella', 'Martínez Beneitez', '1929-05-22', '', '925522016', '647712540', 'General Mola, 7', '45211', 'Recas - Toledo', '', '', _binary 0x7472756500, NULL, 0, 1),
	(4219, NULL, 'Mª del Pilar', 'Gil Silva', '1952-02-18', '', '670491902', '676739901', 'Andalucia, 5-2', '45005', 'Toledo', '', '', _binary 0x7472756500, NULL, 5, 1),
	(4220, NULL, 'Esperanza', 'Pérez Mateos', '1961-04-08', '', '664525161', '-1', 'Dinamarca, 4-4ª-Izda.', '45005', 'Toledo', '', '', _binary 0x7472756500, NULL, 0, 1),
	(4221, NULL, 'Concepción', 'Hernández Sánchez', '1964-06-29', '', '607960717', '925548407', 'Poeta Miguel Hernández', '45007', 'Toledo', '', '', _binary 0x7472756500, NULL, 1, 35),
	(4222, NULL, 'Eugenio', 'Moreno Aceituno', '1931-12-13', '', '680573614', '925214507', 'Ronda Buenavista, 10-1-5º2', '45005', 'Toledo', '', 'Varios años de peregrino', _binary 0x7472756500, NULL, 0, 1),
	(4223, NULL, 'Angela ', 'López Aceituno', '1936-10-01', '', '680573614', '925214507', 'Ronda Buenavista, 10-1-5º-2', '45005', 'Toledo', '', 'Varias de peregrina', _binary 0x7472756500, NULL, 4, 1),
	(4224, NULL, 'Mª Pilar', 'García Cano', '1950-09-25', '', '925138123', '679633269', 'Arrabal, 1', '45760', 'La Guardia', '', '', _binary 0x7472756500, NULL, 4, 1),
	(4225, NULL, 'Alicia ', 'Vicente Ruíz del Barco', '1981-01-06', '', '926514324', '649686627', 'Plaza Hijas de la Caridad, 3', '45760', 'La Guardia', '', '', _binary 0x7472756500, NULL, 0, 1),
	(4226, NULL, 'Ana Vanesa', 'González Jiménez', '1980-03-17', '', '605912082', '-1', 'San Alonso de Orozco, 71', '45560', 'Oropesa', '', '', _binary 0x7472756500, NULL, 0, 1),
	(4227, NULL, 'María del Carmen', 'García Burgos', '1942-10-10', '', '607991098', '917965232', 'Villajoyosa, 95', '28041', 'Madrid', '', '', _binary 0x7472756500, NULL, 7, 2),
	(4228, NULL, 'Vicenta', 'Bermudez Segovia', '1941-08-16', '', '925149268', '663904578', 'La Residencia s/n', '45360', 'Villarrubia de Santiago', '', '', _binary 0x7472756500, NULL, 3, 1),
	(4229, NULL, 'Prudencia ', 'Martín Salgado', '1938-02-13', '', '925800644', '685496987', 'Avda. Constitución, 26-4º-D', '45600', 'Talavera de la Reina', '', '', _binary 0x7472756500, NULL, 0, 1),
	(4230, NULL, 'Laureana', 'Miguel García', '1941-04-24', '', '925814213', '-1', 'Plaza de Goya, 1-1º-D', '45600', 'Talavera de la Reina', '', '', _binary 0x7472756500, NULL, 0, 1),
	(4231, NULL, 'Eulalia', 'Lucas Cabeza', '1940-03-01', '', '605399194', '637849098', 'Plaza Eusebio Rubalcaba, 10', '45600', 'Talavera de la Reina', '', '', _binary 0x7472756500, NULL, 0, 1),
	(4232, NULL, 'Pilar', 'Gómez Valdivieso', '1938-10-12', '', '925971076', '695669075', 'Capitán Cortés, 4-blq. 5-2ºD', '45600', 'Talavera de la Reina', '', '', _binary 0x7472756500, NULL, 0, 1),
	(4233, NULL, 'Pilar ', 'Reino Corrochano', '1943-07-14', '', '925800831', '661049955', 'Capitán Cortés, 3', '45600', 'Talavera de la Reina', '', '', _binary 0x7472756500, NULL, 0, 1),
	(4234, NULL, 'Eulalia', 'López Blanco', '1933-12-10', '', '925548194', '663479970', 'Becerra, 6', '45222', 'Borox', '', '', _binary 0x7472756500, NULL, 0, 1),
	(4235, NULL, 'Dominga', 'Galán Martín', '1932-01-11', '', '650242578', '925382458', 'Agua, 7', '45100', 'Sonseca', '', '', _binary 0x7472756500, NULL, 4, 1),
	(4236, NULL, 'Faustina', 'Bomba Losana', '1954-05-22', '', '630052848', '600646123', 'Azufalfo, 9', '45516', 'Puebla de Montalbán', '', '', _binary 0x7472756500, NULL, 5, 1),
	(4237, NULL, 'Eusebio', 'Sánchez-Cifuentes Fernández', '1940-12-11', '', '661639193', '-1', 'Cruz, 22', '45400', 'Mora', '', '', _binary 0x7472756500, NULL, 0, 1),
	(4238, NULL, 'María Jesús', 'Bravo Hernández', '1941-01-12', '', '925300838', '661639193', 'Cruz, 22', '45400', 'Mora', '', '', _binary 0x7472756500, NULL, 5, 1),
	(4239, NULL, 'Martina', 'Balmaseda Navamuel', '1943-01-01', '', '925366148', '678478082', 'Troya, 30', '45190', 'Nambroca', '', '', _binary 0x7472756500, NULL, 3, 1),
	(4240, NULL, 'Araceli', 'Piñero Escobar', '1944-04-17', '', '925240984', '687963473', 'Alberche, 98', '45007', 'Toledo', '', '', _binary 0x7472756500, NULL, 0, 1),
	(4241, NULL, 'Sagrario', 'López Ballesteros', '1943-04-14', '', '925233687', '670815011', 'Joaquin Delamadrid', '45005', 'Toledo', '', '', _binary 0x7472756500, NULL, 0, 1),
	(4242, NULL, 'Raimunda', 'Rivera Fisac', '1936-06-24', '', '925215486', '609654795', 'Esteban Illán, 3', '45002', 'Toledo', '', '', _binary 0x7472756500, NULL, 0, 1),
	(4243, NULL, 'Pilar', 'Jiménez Rico', '1945-07-18', '', '666516059', '676542317', 'Avda. los Almendros, 24', '45900', 'Almorox', '', '', _binary 0x7472756500, NULL, 4, 1),
	(4244, NULL, 'Felisa', 'López Barroso', '1933-05-01', '', '637896645', '639633521', 'Batalla de Lepanto, 2', '45593', 'Bargas', '', '', _binary 0x7472756500, NULL, 4, 1),
	(4245, NULL, 'María Antonia', 'Baratas Lizana', '1952-07-23', '', '925780292', '916437066', 'Carretera Nombela, km. 1', '45910', 'Escalona', '', '', _binary 0x7472756500, NULL, 3, 1),
	(4246, NULL, 'Carmen', 'Collado Paz', '1944-01-20', '', '925554761', '660005342', 'Avda. Portugal, 67', '45290', 'Pantoja', '', '', _binary 0x7472756500, NULL, 2, 1),
	(4247, NULL, 'León', 'Cubero García', '1937-04-25', '', '925554761', '660005342', 'Avda, de Portugal, 67', '45290', 'Pantoja', '', '', _binary 0x7472756500, NULL, 1, 1),
	(4248, NULL, 'Máximo', 'Fernández Parro', '1932-09-25', '', '925764656', '-1', 'Carcabones, ', '45900', 'Almorox', '', '', _binary 0x7472756500, NULL, 0, 1),
	(4249, NULL, 'Pilar', 'Romo Montero', '1933-08-04', '', '925764656', '-1', 'Carcabones', '45900', 'Almorox', '', '', _binary 0x7472756500, NULL, 0, 1),
	(4250, NULL, 'Juan', 'Aparicio García', '1942-07-11', '', '637833769', '600046531', 'Calvo Sotelo, 14', '45270', 'Mocejón', '', '', _binary 0x7472756500, NULL, 1, 1),
	(4251, NULL, 'Bernarda', 'García-Tenorio Gutiérrez', '1943-05-20', '', '677524844', '600046531', 'Calvo Sotelo, 14', '45270', 'Mocejón', '', '', _binary 0x7472756500, NULL, 5, 1),
	(4252, NULL, 'Encarnación', 'Aparicio Anta', '1932-04-08', '', '925195045', '656901442', 'Plaza Mayor, 5', '45850', 'La Villa de don Fadrique', '', '', _binary 0x7472756500, NULL, 2, 1),
	(4253, NULL, 'Angeles', 'Aparicio Anta', '1934-11-30', '', '925195045', '629235131', 'Plaza Mayor, 5', '45850', 'La Villa de don Fadrique', '', '', _binary 0x7472756500, NULL, 5, 1),
	(4254, NULL, 'Paula', 'Villamarin Gómez', '1933-01-25', '', '610565651', '-1', 'Trinidad, 17-5º', '45600', 'Talavera de la Reina', '', '', _binary 0x7472756500, NULL, 0, 0),
	(4255, NULL, 'Lucia', 'Díaz-Maroto Maqueda', '1952-05-09', '', '649331983', '-1', 'Plaza Norte, 3', '45850', 'La Villa de don Fadrique', '', '', _binary 0x7472756500, NULL, 0, 1),
	(4256, NULL, 'Emilio ', 'Maqueda Luján', '1951-01-25', '', '649331983', '-1', 'Plaza Norte, 3', '45850', 'La Villa de don Fadrique', '', '', _binary 0x7472756500, NULL, 0, 1),
	(4257, NULL, 'Vicente Arsenio', 'Contreras Romo', '1934-07-19', '', '627435109', '918174815', 'Real, 18', '45180', 'Camarena', '', '', _binary 0x7472756500, NULL, 0, 0),
	(4258, NULL, 'Julián', 'Igual Barreras', '1932-02-19', '', '925450090', '646361636', 'Donantes de Sangre', '45567', 'Lagartera', '', '', _binary 0x7472756500, NULL, 4, 1),
	(4259, NULL, 'Juan Carlos', 'Gumiel López', '1973-11-11', '', '647866365', '667445276', 'Callejón Montañes, 4', '45516', 'La Puebla de Montalbán', '', '', _binary 0x7472756500, NULL, 5, 1),
	(4260, NULL, 'Pilar', 'Rodríguez Cabello', '1946-12-31', '', '925270095', '670705459', 'Plaza Veracruz, 18', '45270', 'Mocejón', '', '', _binary 0x7472756500, NULL, 0, 1),
	(4261, NULL, 'Rosario', 'Valero Mejia', '1936-02-10', '', '925138038', '651661490', 'Guillermo Cabezas, 3', '45760', 'La Guardia', '', '', _binary 0x7472756500, NULL, 0, 0),
	(4262, NULL, 'Ángel', 'Moya Guzmán', '1933-07-17', '', '925138038', '651661490', 'Guillermo Cabezas, 3', '45760', 'La Guardia', '', '', _binary 0x7472756500, NULL, 0, 0),
	(4263, NULL, 'María Rosa', 'Martín Miguel', '1969-01-22', '', '925410015', '652915815', 'Carretera de Toledo, 69', '45150', 'Navahermosa', '', '', _binary 0x7472756500, NULL, 0, 1),
	(4264, NULL, 'Rosario', 'Miguel López', '1942-10-19', '', '925410015', '652915815', 'Carretera de Toledo, 69', '45150', 'Navahermosa', '', '', _binary 0x7472756500, NULL, 0, 1),
	(4265, NULL, 'Teresa', 'Casadomet Galindo', '1982-08-25', '', '630486201', '-1', 'Avda. Pio XII, 16-2º-B', '45600', 'Talavera de la Reina', '', '', _binary 0x7472756500, NULL, 1, 1),
	(4266, NULL, 'Elena', 'García Rico', '2009-07-22', '', '686703438', '-1', 'Dublín, 256', '45600', 'Talavera de la Reina', '', '', _binary 0x7472756500, NULL, 1, 1),
	(4267, NULL, 'María', 'García Rico', '2007-11-06', '', '686703438', '-1', 'Dublin, 256', '45600', 'Talavera de la Reina', '', '', _binary 0x7472756500, NULL, 0, 1),
	(4268, NULL, 'Emilio', 'Ramos Rosa', '1936-04-13', '', '648293617', '925820117', 'Ronda de Cañillo, 25-5º-C', '45600', 'Talavera de la Reina', '', '', _binary 0x7472756500, NULL, 0, 1),
	(4269, NULL, 'Isabel', 'Oliva Gómez', '1936-09-28', '', '648293617', '925820117', 'Ronde del Cañillo, 25-5º-C', '45600', 'Talavera de la Reina', '', '', _binary 0x7472756500, NULL, 0, 1),
	(4270, NULL, 'Raúl', 'Tinajero Ramírez', '1972-10-14', '', '635428282', '-1', 'El Salvador, 1', '45005', 'Toledo', '', '', _binary 0x7472756500, NULL, 0, 1),
	(4271, NULL, 'Antonio', 'Pombo Urízar', '1963-10-19', '', '777777777', '-1', 'Doctor Marín, 16', '16417', 'Los Hinojosos', '', '', _binary 0x7472756500, NULL, 0, 1),
	(4272, NULL, 'Miguel Ángel', 'González Tenorio', '1969-06-18', '', '888888888', '-1', 'Plaza de la Iglesia, 10', '45150', 'Navahermosa', '', '', _binary 0x7472756500, NULL, 5, 5),
	(4273, NULL, 'Mª Teresa', 'Álvarez Merlo', '1943-12-10', '', '633662293', '600048032', 'C/ Pérez de Castro, 3 - 1 B', '14003', 'Córdoba', '', '', _binary 0x7472756500, NULL, 2, 1),
	(4274, '', 'Victor', 'Fondos Alvarez', NULL, '', '', '', '', '', '', '', '', _binary 0x7472756500, '', 1, 0),
	(4275, '', 'Amelia', 'Garcia', NULL, '', '', '', '', '', '', '', '', _binary 0x7472756500, '', 1, 0),
	(4276, '', 'Juana', 'Lopez', NULL, '', '', '', '', '', '', '', '', _binary 0x7472756500, '', 1, 0);
/*!40000 ALTER TABLE `personas` ENABLE KEYS */;

-- Volcando estructura para tabla hospitalidad.relpersonaautobus
CREATE TABLE IF NOT EXISTS `relpersonaautobus` (
  `idAutobus` int(11) NOT NULL,
  `idPersona` int(11) NOT NULL,
  PRIMARY KEY (`idAutobus`,`idPersona`),
  KEY `FK2 persona` (`idPersona`),
  CONSTRAINT `FK1 autobus` FOREIGN KEY (`idAutobus`) REFERENCES `autobuses` (`idAutobus`),
  CONSTRAINT `FK2 persona` FOREIGN KEY (`idPersona`) REFERENCES `personas` (`idPersona`)
) ENGINE=InnoDB DEFAULT CHARSET=utf8mb3;

-- Volcando datos para la tabla hospitalidad.relpersonaautobus: ~240 rows (aproximadamente)
/*!40000 ALTER TABLE `relpersonaautobus` DISABLE KEYS */;
INSERT INTO `relpersonaautobus` (`idAutobus`, `idPersona`) VALUES
	(13, 3607),
	(13, 3616),
	(13, 3626),
	(13, 3627),
	(13, 3638),
	(13, 3675),
	(13, 3702),
	(13, 3793),
	(13, 3795),
	(13, 3799),
	(13, 3813),
	(13, 3868),
	(13, 3882),
	(13, 3890),
	(13, 3958),
	(13, 3991),
	(13, 4024),
	(13, 4128),
	(13, 4138),
	(13, 4144),
	(13, 4145),
	(13, 4174),
	(13, 4236),
	(13, 4238),
	(13, 4244),
	(13, 4273),
	(14, 3981),
	(15, 3630),
	(15, 3639),
	(15, 3688),
	(15, 3705),
	(15, 3721),
	(15, 3753),
	(15, 3791),
	(15, 3850),
	(15, 3902),
	(15, 3914),
	(15, 4037),
	(15, 4053),
	(15, 4065),
	(15, 4071),
	(15, 4088),
	(15, 4119),
	(15, 4127),
	(15, 4150),
	(15, 4200),
	(15, 4253),
	(16, 3628),
	(16, 3637),
	(16, 3741),
	(16, 3782),
	(16, 3783),
	(16, 3883),
	(16, 3891),
	(16, 3964),
	(16, 3982),
	(16, 3994),
	(16, 4011),
	(16, 4103),
	(16, 4120),
	(16, 4140),
	(16, 4147),
	(16, 4157),
	(16, 4202),
	(16, 4203),
	(16, 4228),
	(16, 4239),
	(16, 4245),
	(17, 3615),
	(17, 3621),
	(17, 3648),
	(17, 3656),
	(17, 3670),
	(17, 3672),
	(17, 3676),
	(17, 3679),
	(17, 3680),
	(17, 3708),
	(17, 3736),
	(17, 3739),
	(17, 3747),
	(17, 3748),
	(17, 3758),
	(17, 3759),
	(17, 3771),
	(17, 3773),
	(17, 3779),
	(17, 3781),
	(17, 3817),
	(17, 3819),
	(17, 3846),
	(17, 3853),
	(17, 3857),
	(17, 3863),
	(17, 3879),
	(17, 3900),
	(17, 3905),
	(17, 3919),
	(17, 3957),
	(17, 3966),
	(17, 3967),
	(17, 3969),
	(17, 3997),
	(17, 4001),
	(17, 4013),
	(17, 4023),
	(17, 4028),
	(17, 4040),
	(17, 4049),
	(17, 4051),
	(17, 4052),
	(17, 4059),
	(17, 4068),
	(17, 4075),
	(17, 4076),
	(17, 4081),
	(17, 4097),
	(17, 4101),
	(17, 4126),
	(17, 4130),
	(17, 4148),
	(17, 4149),
	(17, 4151),
	(17, 4160),
	(17, 4175),
	(17, 4181),
	(17, 4198),
	(17, 4212),
	(17, 4219),
	(17, 4223),
	(17, 4224),
	(17, 4235),
	(17, 4243),
	(17, 4247),
	(17, 4250),
	(17, 4251),
	(17, 4252),
	(17, 4258),
	(18, 3620),
	(18, 3629),
	(18, 3645),
	(18, 3649),
	(18, 3681),
	(18, 3689),
	(18, 3694),
	(18, 3699),
	(18, 3703),
	(18, 3704),
	(18, 3728),
	(18, 3735),
	(18, 3776),
	(18, 3786),
	(18, 3792),
	(18, 3797),
	(18, 3802),
	(18, 3818),
	(18, 3832),
	(18, 3856),
	(18, 3861),
	(18, 3884),
	(18, 3888),
	(18, 3889),
	(18, 3892),
	(18, 3894),
	(18, 3899),
	(18, 3901),
	(18, 3906),
	(18, 3907),
	(18, 3912),
	(18, 3913),
	(18, 3934),
	(18, 3939),
	(18, 3959),
	(18, 4006),
	(18, 4009),
	(18, 4015),
	(18, 4044),
	(18, 4058),
	(18, 4061),
	(18, 4078),
	(18, 4094),
	(18, 4133),
	(18, 4142),
	(18, 4159),
	(18, 4164),
	(18, 4165),
	(18, 4186),
	(18, 4227),
	(18, 4246),
	(18, 4259),
	(18, 4272),
	(20, 4164),
	(21, 3636),
	(21, 3657),
	(21, 3660),
	(21, 3693),
	(21, 3718),
	(21, 3720),
	(21, 3722),
	(21, 3723),
	(21, 3731),
	(21, 3737),
	(21, 3743),
	(21, 3749),
	(21, 3770),
	(21, 3785),
	(21, 3801),
	(21, 3810),
	(21, 3839),
	(21, 3860),
	(21, 3876),
	(21, 3896),
	(21, 3897),
	(21, 3903),
	(21, 3910),
	(21, 3911),
	(21, 3931),
	(21, 3965),
	(21, 3968),
	(21, 3980),
	(21, 4000),
	(21, 4007),
	(21, 4018),
	(21, 4032),
	(21, 4055),
	(21, 4066),
	(21, 4067),
	(21, 4083),
	(21, 4085),
	(21, 4090),
	(21, 4104),
	(21, 4111),
	(21, 4118),
	(21, 4124),
	(21, 4155),
	(21, 4162),
	(21, 4195),
	(21, 4221),
	(21, 4265),
	(21, 4266);
/*!40000 ALTER TABLE `relpersonaautobus` ENABLE KEYS */;

-- Volcando estructura para tabla hospitalidad.relpersonahabitacion
CREATE TABLE IF NOT EXISTS `relpersonahabitacion` (
  `idHabitacion` int(11) NOT NULL,
  `idPersona` int(11) NOT NULL,
  PRIMARY KEY (`idHabitacion`,`idPersona`),
  KEY `FK1 persona` (`idPersona`),
  CONSTRAINT `FK1 persona` FOREIGN KEY (`idPersona`) REFERENCES `personas` (`idPersona`) ON DELETE CASCADE ON UPDATE NO ACTION,
  CONSTRAINT `FK2 habitacion` FOREIGN KEY (`idHabitacion`) REFERENCES `habitaciones` (`idHabitacion`) ON DELETE CASCADE ON UPDATE NO ACTION
) ENGINE=InnoDB DEFAULT CHARSET=utf8mb3 COMMENT='Relaciona las habitaciones y las personas que van en la habitacion';

-- Volcando datos para la tabla hospitalidad.relpersonahabitacion: ~240 rows (aproximadamente)
/*!40000 ALTER TABLE `relpersonahabitacion` DISABLE KEYS */;
INSERT INTO `relpersonahabitacion` (`idHabitacion`, `idPersona`) VALUES
	(2, 3705),
	(2, 4164),
	(3, 3958),
	(4, 3735),
	(4, 3739),
	(4, 3747),
	(4, 3850),
	(5, 3853),
	(5, 3868),
	(5, 3882),
	(7, 4174),
	(7, 4186),
	(8, 3957),
	(8, 4144),
	(8, 4250),
	(8, 4252),
	(8, 4273),
	(10, 3702),
	(10, 3905),
	(10, 4067),
	(10, 4083),
	(10, 4272),
	(12, 3607),
	(12, 3615),
	(12, 3616),
	(12, 3620),
	(12, 3626),
	(12, 3627),
	(12, 3629),
	(12, 3630),
	(12, 3636),
	(12, 3638),
	(12, 3639),
	(12, 3645),
	(12, 3648),
	(12, 3656),
	(12, 3657),
	(12, 3660),
	(12, 3670),
	(12, 3672),
	(12, 3675),
	(12, 3676),
	(12, 3679),
	(12, 3680),
	(12, 3681),
	(12, 3688),
	(12, 3693),
	(12, 3694),
	(12, 3699),
	(12, 3703),
	(12, 3704),
	(12, 3708),
	(12, 3718),
	(12, 3720),
	(12, 3721),
	(12, 3722),
	(12, 3723),
	(12, 3731),
	(12, 3736),
	(12, 3737),
	(12, 3743),
	(12, 3748),
	(12, 3749),
	(12, 3753),
	(12, 3758),
	(12, 3759),
	(12, 3770),
	(12, 3771),
	(12, 3773),
	(12, 3776),
	(12, 3779),
	(12, 3781),
	(12, 3786),
	(12, 3791),
	(12, 3792),
	(12, 3793),
	(12, 3795),
	(12, 3797),
	(12, 3799),
	(12, 3802),
	(12, 3813),
	(12, 3817),
	(12, 3818),
	(12, 3819),
	(12, 3832),
	(12, 3846),
	(12, 3856),
	(12, 3860),
	(12, 3861),
	(12, 3863),
	(12, 3879),
	(12, 3884),
	(12, 3888),
	(12, 3889),
	(12, 3890),
	(12, 3891),
	(12, 3892),
	(12, 3894),
	(12, 3896),
	(12, 3897),
	(12, 3899),
	(12, 3900),
	(12, 3901),
	(12, 3902),
	(12, 3903),
	(12, 3906),
	(12, 3907),
	(12, 3910),
	(12, 3912),
	(12, 3913),
	(12, 3914),
	(12, 3919),
	(12, 3934),
	(12, 3939),
	(12, 3959),
	(12, 3964),
	(12, 3966),
	(12, 3967),
	(12, 3969),
	(12, 3981),
	(12, 3982),
	(12, 3991),
	(12, 3994),
	(12, 3997),
	(12, 4001),
	(12, 4006),
	(12, 4009),
	(12, 4011),
	(12, 4013),
	(12, 4015),
	(12, 4023),
	(12, 4024),
	(12, 4028),
	(12, 4037),
	(12, 4040),
	(12, 4044),
	(12, 4049),
	(12, 4051),
	(12, 4052),
	(12, 4053),
	(12, 4055),
	(12, 4058),
	(12, 4059),
	(12, 4061),
	(12, 4065),
	(12, 4066),
	(12, 4068),
	(12, 4071),
	(12, 4075),
	(12, 4076),
	(12, 4078),
	(12, 4081),
	(12, 4085),
	(12, 4088),
	(12, 4090),
	(12, 4094),
	(12, 4097),
	(12, 4101),
	(12, 4103),
	(12, 4104),
	(12, 4111),
	(12, 4119),
	(12, 4120),
	(12, 4126),
	(12, 4127),
	(12, 4128),
	(12, 4130),
	(12, 4138),
	(12, 4140),
	(12, 4142),
	(12, 4145),
	(12, 4147),
	(12, 4149),
	(12, 4150),
	(12, 4151),
	(12, 4157),
	(12, 4159),
	(12, 4160),
	(12, 4165),
	(12, 4175),
	(12, 4181),
	(12, 4198),
	(12, 4200),
	(12, 4202),
	(12, 4203),
	(12, 4219),
	(12, 4221),
	(12, 4223),
	(12, 4224),
	(12, 4228),
	(12, 4235),
	(12, 4236),
	(12, 4238),
	(12, 4239),
	(12, 4243),
	(12, 4244),
	(12, 4245),
	(12, 4246),
	(12, 4247),
	(12, 4251),
	(12, 4253),
	(12, 4258),
	(12, 4259),
	(13, 3621),
	(13, 3628),
	(13, 3637),
	(13, 3649),
	(13, 3689),
	(13, 3728),
	(13, 3741),
	(13, 3782),
	(13, 3783),
	(13, 3785),
	(13, 3801),
	(13, 3810),
	(13, 3839),
	(13, 3857),
	(13, 3876),
	(13, 3883),
	(13, 3911),
	(13, 3931),
	(13, 3965),
	(13, 3968),
	(13, 3980),
	(13, 4000),
	(13, 4007),
	(13, 4018),
	(13, 4032),
	(13, 4118),
	(13, 4124),
	(13, 4133),
	(13, 4148),
	(13, 4155),
	(13, 4162),
	(13, 4195),
	(13, 4212),
	(13, 4227),
	(13, 4265),
	(13, 4266),
	(14, 4164);
/*!40000 ALTER TABLE `relpersonahabitacion` ENABLE KEYS */;

-- Volcando estructura para tabla hospitalidad.relviajetodo
CREATE TABLE IF NOT EXISTS `relviajetodo` (
  `idViaje` int(11) NOT NULL,
  `idPersona` int(11) NOT NULL,
  `idTipoViajero` int(11) NOT NULL,
  PRIMARY KEY (`idViaje`,`idPersona`),
  KEY `FK_relviajetodo_personas` (`idPersona`),
  KEY `FK_relviajetodo_tiposviajeros` (`idTipoViajero`),
  CONSTRAINT `FK_relviajetodo_personas` FOREIGN KEY (`idPersona`) REFERENCES `personas` (`idPersona`),
  CONSTRAINT `FK_relviajetodo_tiposviajeros` FOREIGN KEY (`idTipoViajero`) REFERENCES `tiposviajeros` (`idTipoViajero`),
  CONSTRAINT `FK_relviajetodo_viajes` FOREIGN KEY (`idViaje`) REFERENCES `viajes` (`idViaje`)
) ENGINE=InnoDB DEFAULT CHARSET=utf8mb3 COMMENT='Esta es la tabla que contiene todas las relaciones, viaje, perosonas, cama, asiento ... es toda la información de una persona en un viaje en concreto';

-- Volcando datos para la tabla hospitalidad.relviajetodo: ~240 rows (aproximadamente)
/*!40000 ALTER TABLE `relviajetodo` DISABLE KEYS */;
INSERT INTO `relviajetodo` (`idViaje`, `idPersona`, `idTipoViajero`) VALUES
	(1, 3615, 1),
	(1, 3621, 1),
	(1, 3636, 1),
	(1, 3656, 1),
	(1, 3657, 1),
	(1, 3660, 1),
	(1, 3670, 1),
	(1, 3676, 1),
	(1, 3680, 1),
	(1, 3693, 1),
	(1, 3718, 1),
	(1, 3720, 1),
	(1, 3722, 1),
	(1, 3723, 1),
	(1, 3731, 1),
	(1, 3737, 1),
	(1, 3743, 1),
	(1, 3749, 1),
	(1, 3758, 1),
	(1, 3770, 1),
	(1, 3785, 1),
	(1, 3801, 1),
	(1, 3810, 1),
	(1, 3817, 1),
	(1, 3839, 1),
	(1, 3857, 1),
	(1, 3860, 1),
	(1, 3876, 1),
	(1, 3896, 1),
	(1, 3897, 1),
	(1, 3900, 1),
	(1, 3903, 1),
	(1, 3910, 1),
	(1, 3911, 1),
	(1, 3931, 1),
	(1, 3957, 1),
	(1, 3958, 1),
	(1, 3965, 1),
	(1, 3966, 1),
	(1, 3968, 1),
	(1, 3980, 1),
	(1, 4000, 1),
	(1, 4007, 1),
	(1, 4018, 1),
	(1, 4032, 1),
	(1, 4055, 1),
	(1, 4066, 1),
	(1, 4067, 1),
	(1, 4076, 1),
	(1, 4083, 1),
	(1, 4085, 1),
	(1, 4090, 1),
	(1, 4104, 1),
	(1, 4111, 1),
	(1, 4118, 1),
	(1, 4124, 1),
	(1, 4148, 1),
	(1, 4155, 1),
	(1, 4162, 1),
	(1, 4174, 1),
	(1, 4195, 1),
	(1, 4212, 1),
	(1, 4221, 1),
	(1, 4247, 1),
	(1, 4250, 1),
	(1, 4265, 1),
	(1, 4266, 1),
	(1, 3629, 2),
	(1, 3679, 2),
	(1, 3681, 2),
	(1, 3694, 2),
	(1, 3786, 2),
	(1, 3818, 2),
	(1, 3894, 2),
	(1, 3981, 2),
	(1, 4044, 2),
	(1, 4051, 2),
	(1, 4144, 2),
	(1, 4151, 2),
	(1, 4165, 2),
	(1, 4246, 2),
	(1, 4252, 2),
	(1, 4273, 2),
	(1, 3628, 3),
	(1, 3637, 3),
	(1, 3741, 3),
	(1, 3782, 3),
	(1, 3783, 3),
	(1, 3883, 3),
	(1, 3891, 3),
	(1, 3964, 3),
	(1, 3982, 3),
	(1, 3994, 3),
	(1, 4011, 3),
	(1, 4103, 3),
	(1, 4120, 3),
	(1, 4140, 3),
	(1, 4147, 3),
	(1, 4157, 3),
	(1, 4164, 3),
	(1, 4186, 3),
	(1, 4202, 3),
	(1, 4203, 3),
	(1, 4228, 3),
	(1, 4239, 3),
	(1, 4245, 3),
	(3, 4164, 3),
	(1, 3607, 4),
	(1, 3675, 4),
	(1, 3736, 4),
	(1, 3748, 4),
	(1, 3759, 4),
	(1, 3771, 4),
	(1, 3773, 4),
	(1, 3779, 4),
	(1, 3819, 4),
	(1, 3846, 4),
	(1, 3863, 4),
	(1, 3969, 4),
	(1, 3997, 4),
	(1, 4001, 4),
	(1, 4013, 4),
	(1, 4023, 4),
	(1, 4040, 4),
	(1, 4052, 4),
	(1, 4075, 4),
	(1, 4097, 4),
	(1, 4126, 4),
	(1, 4130, 4),
	(1, 4149, 4),
	(1, 4160, 4),
	(1, 4181, 4),
	(1, 4198, 4),
	(1, 4223, 4),
	(1, 4224, 4),
	(1, 4235, 4),
	(1, 4243, 4),
	(1, 4244, 4),
	(1, 4258, 4),
	(1, 3616, 5),
	(1, 3620, 5),
	(1, 3626, 5),
	(1, 3627, 5),
	(1, 3630, 5),
	(1, 3638, 5),
	(1, 3639, 5),
	(1, 3645, 5),
	(1, 3648, 5),
	(1, 3672, 5),
	(1, 3688, 5),
	(1, 3702, 5),
	(1, 3703, 5),
	(1, 3704, 5),
	(1, 3705, 5),
	(1, 3708, 5),
	(1, 3721, 5),
	(1, 3735, 5),
	(1, 3739, 5),
	(1, 3747, 5),
	(1, 3753, 5),
	(1, 3776, 5),
	(1, 3781, 5),
	(1, 3791, 5),
	(1, 3793, 5),
	(1, 3795, 5),
	(1, 3797, 5),
	(1, 3799, 5),
	(1, 3813, 5),
	(1, 3832, 5),
	(1, 3850, 5),
	(1, 3853, 5),
	(1, 3856, 5),
	(1, 3861, 5),
	(1, 3868, 5),
	(1, 3879, 5),
	(1, 3882, 5),
	(1, 3884, 5),
	(1, 3888, 5),
	(1, 3889, 5),
	(1, 3890, 5),
	(1, 3892, 5),
	(1, 3899, 5),
	(1, 3901, 5),
	(1, 3902, 5),
	(1, 3905, 5),
	(1, 3907, 5),
	(1, 3912, 5),
	(1, 3913, 5),
	(1, 3914, 5),
	(1, 3919, 5),
	(1, 3934, 5),
	(1, 3959, 5),
	(1, 3967, 5),
	(1, 3991, 5),
	(1, 4006, 5),
	(1, 4015, 5),
	(1, 4024, 5),
	(1, 4028, 5),
	(1, 4037, 5),
	(1, 4049, 5),
	(1, 4053, 5),
	(1, 4058, 5),
	(1, 4059, 5),
	(1, 4061, 5),
	(1, 4065, 5),
	(1, 4068, 5),
	(1, 4071, 5),
	(1, 4078, 5),
	(1, 4081, 5),
	(1, 4088, 5),
	(1, 4094, 5),
	(1, 4101, 5),
	(1, 4119, 5),
	(1, 4127, 5),
	(1, 4128, 5),
	(1, 4138, 5),
	(1, 4142, 5),
	(1, 4145, 5),
	(1, 4150, 5),
	(1, 4159, 5),
	(1, 4175, 5),
	(1, 4200, 5),
	(1, 4219, 5),
	(1, 4236, 5),
	(1, 4238, 5),
	(1, 4251, 5),
	(1, 4253, 5),
	(1, 4259, 5),
	(1, 4272, 5),
	(1, 3699, 6),
	(1, 3649, 7),
	(1, 3689, 7),
	(1, 3728, 7),
	(1, 3792, 7),
	(1, 3802, 7),
	(1, 3906, 7),
	(1, 3939, 7),
	(1, 4009, 7),
	(1, 4133, 7),
	(1, 4227, 7);
/*!40000 ALTER TABLE `relviajetodo` ENABLE KEYS */;

-- Volcando estructura para tabla hospitalidad.tiposviajeros
CREATE TABLE IF NOT EXISTS `tiposviajeros` (
  `idTipoViajero` int(11) NOT NULL AUTO_INCREMENT,
  `NombreCortoTipo` char(15) DEFAULT NULL,
  `Descripcion` varchar(50) DEFAULT NULL,
  PRIMARY KEY (`idTipoViajero`)
) ENGINE=InnoDB AUTO_INCREMENT=9 DEFAULT CHARSET=utf8mb3 COMMENT='Como en los viajes hay diferentes tipos de viajeros, aquí podremos darlos de alta para poder manejarlos en el programa';

-- Volcando datos para la tabla hospitalidad.tiposviajeros: ~2 rows (aproximadamente)
/*!40000 ALTER TABLE `tiposviajeros` DISABLE KEYS */;
INSERT INTO `tiposviajeros` (`idTipoViajero`, `NombreCortoTipo`, `Descripcion`) VALUES
	(1, 'Enfermo', 'Enfermo'),
	(2, 'Azafata', 'Azafata'),
	(3, 'Material', 'Material'),
	(4, 'HombresA', 'HombresA'),
	(5, 'MujeresA', 'MujeresA'),
	(6, 'Farmacia', 'Farmacia'),
	(7, 'Medico', 'Medico'),
	(8, 'Niños', 'Niños');
/*!40000 ALTER TABLE `tiposviajeros` ENABLE KEYS */;

-- Volcando estructura para vista hospitalidad.viajecompleto
-- Creando tabla temporal para superar errores de dependencia de VIEW
CREATE TABLE `viajecompleto` (
	`Nombre` VARCHAR(50) NOT NULL COLLATE 'utf8mb3_general_ci',
	`Apellidos` VARCHAR(70) NOT NULL COLLATE 'utf8mb3_general_ci',
	`Localidad` VARCHAR(50) NULL COLLATE 'utf8mb3_general_ci',
	`Bus` VARCHAR(50) NULL COLLATE 'utf8mb3_general_ci',
	`hotel` VARCHAR(50) NOT NULL COLLATE 'utf8mb3_general_ci',
	`habitacion` VARCHAR(250) NULL COLLATE 'utf8mb3_general_ci'
) ENGINE=MyISAM;

-- Volcando estructura para tabla hospitalidad.viajes
CREATE TABLE IF NOT EXISTS `viajes` (
  `idViaje` int(11) NOT NULL AUTO_INCREMENT,
  `Nombre` varchar(50) NOT NULL,
  `FechaIni` date DEFAULT NULL,
  `FechaFin` date DEFAULT NULL,
  PRIMARY KEY (`idViaje`)
) ENGINE=InnoDB AUTO_INCREMENT=4 DEFAULT CHARSET=utf8mb3 COMMENT='Aquí iran los datos generales de cada uno de los viajes';

-- Volcando datos para la tabla hospitalidad.viajes: ~2 rows (aproximadamente)
/*!40000 ALTER TABLE `viajes` DISABLE KEYS */;
INSERT INTO `viajes` (`idViaje`, `Nombre`, `FechaIni`, `FechaFin`) VALUES
	(1, 'Peregrinación 2022', '2021-07-19', '2021-07-22'),
	(3, 'Peregrinacion 2021', '2022-05-27', '2022-05-27');
/*!40000 ALTER TABLE `viajes` ENABLE KEYS */;

-- Volcando estructura para vista hospitalidad.viajecompleto
-- Eliminando tabla temporal y crear estructura final de VIEW
DROP TABLE IF EXISTS `viajecompleto`;
CREATE ALGORITHM=UNDEFINED SQL SECURITY DEFINER VIEW `viajecompleto` AS SELECT personas.Nombre, personas.Apellidos, personas.Localidad, autobuses.Descripcion AS Bus, hoteles.NombreHotel AS hotel, habitaciones.Descripcion1 AS habitacion
FROM personas, habitaciones, hoteles, autobuses, relpersonaautobus, relpersonahabitacion, relviajetodo
WHERE habitaciones.idHotel=hoteles.IdHotel AND
	personas.idPersona=relviajetodo.idPersona AND
	relpersonahabitacion.idPersona=personas.idPersona AND
	relpersonahabitacion.idHabitacion=habitaciones.idHabitacion AND
	habitaciones.idHotel=hoteles.IdHotel AND
	autobuses.idAutobus=relpersonaautobus.idAutobus AND
	personas.idPersona=relpersonaautobus.idPersona -- and
	-- habitaciones.idViaje='1'
ORDER BY personas.Apellidos, personas.Nombre ;

/*!40101 SET SQL_MODE=IFNULL(@OLD_SQL_MODE, '') */;
/*!40014 SET FOREIGN_KEY_CHECKS=IFNULL(@OLD_FOREIGN_KEY_CHECKS, 1) */;
/*!40101 SET CHARACTER_SET_CLIENT=@OLD_CHARACTER_SET_CLIENT */;
/*!40111 SET SQL_NOTES=IFNULL(@OLD_SQL_NOTES, 1) */;
